TripInstance,Run,tripSize,avgTranspoprtations,avgAccommodations,destinations,algorithm,quality,time
1,1,2,1,1,2,ACO,0.068627437,0.3891575
2,1,2,1,1,2,ACO_Local,0.068627437,0.5078378
3,2,2,1,1,2,ACO,0.137254874,0.769965
4,2,2,1,1,2,ACO_Local,0.137254874,1.0326557
5,3,2,1,1,2,ACO,0.205882311,1.1467617
6,3,2,1,1,2,ACO_Local,0.205882311,1.5568347
7,4,2,1,1,2,ACO,0.274509748,1.5426347
8,4,2,1,1,2,ACO_Local,0.274509748,2.0775845
9,5,2,1,1,2,ACO,0.343137185,1.9429158
10,5,2,1,1,2,ACO_Local,0.343137185,2.666228
11,6,2,1,1,2,ACO,0.411764622,2.3389915
12,6,2,1,1,2,ACO_Local,0.411764622,3.1391722
13,7,2,1,1,2,ACO,0.480392059,2.7010823
14,7,2,1,1,2,ACO_Local,0.480392059,3.5919111
15,8,2,1,1,2,ACO,0.549019496,3.0302047
16,8,2,1,1,2,ACO_Local,0.549019496,4.0641839
17,1,8,1,2,2,ACO,0.091420166,0.3959115
18,1,8,1,2,2,ACO_Local,0.091420166,0.5207639
19,2,8,1,2,2,ACO,0.182840331,0.7726941
20,2,8,1,2,2,ACO_Local,0.182840331,1.0127027
21,3,8,1,2,2,ACO,0.274260497,1.1761119
22,3,8,1,2,2,ACO_Local,0.274260497,1.5142026
23,4,8,1,2,2,ACO,0.365680663,1.5638295
24,4,8,1,2,2,ACO_Local,0.365680663,2.0432545
25,5,8,1,2,2,ACO,0.457100829,1.9239143
26,5,8,1,2,2,ACO_Local,0.457100829,2.5372075
27,6,8,1,2,2,ACO,0.548520994,2.2909289
28,6,8,1,2,2,ACO_Local,0.548520994,3.0408019
29,7,8,1,2,2,ACO,0.63994116,2.6683812
30,7,8,1,2,2,ACO_Local,0.63994116,3.5499359
31,8,8,1,2,2,ACO,0.731361326,3.0346825
32,8,8,1,2,2,ACO_Local,0.731361326,4.0283692
33,1,18,1,3,2,ACO,0.130668377,0.3923134
34,1,18,1,3,2,ACO_Local,0.130668377,0.5568331
35,2,18,1,3,2,ACO,0.261336755,0.7861098
36,2,18,1,3,2,ACO_Local,0.261336755,1.0892945
37,3,18,1,3,2,ACO,0.392005132,1.1816514
38,3,18,1,3,2,ACO_Local,0.392005132,1.625325
39,4,18,1,3,2,ACO,0.52267351,1.579353
40,4,18,1,3,2,ACO_Local,0.52267351,2.1567956
41,5,18,1,3,2,ACO,0.653341887,1.9698609
42,5,18,1,3,2,ACO_Local,0.653341887,2.7028665
43,6,18,1,3,2,ACO,0.784010264,2.359517
44,6,18,1,3,2,ACO_Local,0.784010264,3.2445182
45,7,18,1,3,2,ACO,0.914678642,2.7499903
46,7,18,1,3,2,ACO_Local,0.914678642,3.7691638
47,8,18,1,3,2,ACO,1.045347019,3.138195
48,8,18,1,3,2,ACO_Local,1.045347019,4.307019
49,1,32,1,4,2,ACO,0.158338942,0.4446207
50,1,32,1,4,2,ACO_Local,0.158338942,0.592145
51,2,32,1,4,2,ACO,0.316677884,0.8581204
52,2,32,1,4,2,ACO_Local,0.316677884,1.1655536
53,3,32,1,4,2,ACO,0.475016827,1.2862605
54,3,32,1,4,2,ACO_Local,0.475016827,1.7682962
55,4,32,1,4,2,ACO,0.633355769,1.7121581
56,4,32,1,4,2,ACO_Local,0.633355769,2.3881036
57,5,32,1,4,2,ACO,0.791694711,2.1320441
58,5,32,1,4,2,ACO_Local,0.791694711,2.9864681
59,6,32,1,4,2,ACO,0.950033653,2.5723102
60,6,32,1,4,2,ACO_Local,0.950033653,3.5596728
61,7,32,1,4,2,ACO,1.108372596,3.0053211
62,7,32,1,4,2,ACO_Local,1.108372596,4.1347595
63,8,32,1,4,2,ACO,1.266711538,3.417537
64,8,32,1,4,2,ACO_Local,1.266711538,4.7149432
65,1,50,1,5,2,ACO,0.181813117,0.4978192
66,1,50,1,5,2,ACO_Local,0.181813117,0.6845413
67,2,50,1,5,2,ACO,0.363626234,1.0472744
68,2,50,1,5,2,ACO_Local,0.363626234,1.3907144
69,3,50,1,5,2,ACO,0.545439351,1.544604
70,3,50,1,5,2,ACO_Local,0.545439351,2.1277678
71,4,50,1,5,2,ACO,0.727252468,2.0754366
72,4,50,1,5,2,ACO_Local,0.727252468,2.8031534
73,5,50,1,5,2,ACO,0.909065584,2.6113349
74,5,50,1,5,2,ACO_Local,0.909065584,3.4712941
75,6,50,1,5,2,ACO,1.090878701,3.0827041
76,6,50,1,5,2,ACO_Local,1.090878701,4.122722
77,7,50,1,5,2,ACO,1.272691818,3.5617771
78,7,50,1,5,2,ACO_Local,1.272691818,4.7888673
79,8,50,1,5,2,ACO,1.454504935,4.0446805
80,8,50,1,5,2,ACO_Local,1.454504935,5.4227459
81,1,72,1,6,2,ACO,0.266586484,0.5404163
82,1,72,1,6,2,ACO_Local,0.266586484,0.7168187
83,2,72,1,6,2,ACO,0.533172967,1.0431341
84,2,72,1,6,2,ACO_Local,0.533172967,1.3596469
85,3,72,1,6,2,ACO,0.799759451,1.5478712
86,3,72,1,6,2,ACO_Local,0.799759451,2.0040783
87,4,72,1,6,2,ACO,1.066345934,2.1387581
88,4,72,1,6,2,ACO_Local,1.066345934,2.6840507
89,5,72,1,6,2,ACO,1.332932418,2.6711768
90,5,72,1,6,2,ACO_Local,1.332932418,3.3767115
91,6,72,1,6,2,ACO,1.599518901,3.1760866
92,6,72,1,6,2,ACO_Local,1.599518901,4.0486962
93,7,72,1,6,2,ACO,1.866105385,3.6914581
94,7,72,1,6,2,ACO_Local,1.866105385,4.7259532
95,8,72,1,6,2,ACO,2.132691868,4.2904906
96,8,72,1,6,2,ACO_Local,2.132691868,5.4450263
97,1,16,2,1,2,ACO,0.247178035,0.4618048
98,1,16,2,1,2,ACO_Local,0.247178035,0.5902266
99,2,16,2,1,2,ACO,0.49435607,0.9331873
100,2,16,2,1,2,ACO_Local,0.49435607,1.1878201
101,3,16,2,1,2,ACO,0.741534105,1.3672219
102,3,16,2,1,2,ACO_Local,0.741534105,1.7944512
103,4,16,2,1,2,ACO,0.98871214,1.8197055
104,4,16,2,1,2,ACO_Local,0.98871214,2.3599174
105,5,16,2,1,2,ACO,1.235890176,2.2465225
106,5,16,2,1,2,ACO_Local,1.235890176,2.9145016
107,6,16,2,1,2,ACO,1.483068211,2.644547
108,6,16,2,1,2,ACO_Local,1.483068211,3.4663485
109,7,16,2,1,2,ACO,1.730246246,3.053666
110,7,16,2,1,2,ACO_Local,1.730246246,4.0226125
111,8,16,2,1,2,ACO,1.977424281,3.4414448
112,8,16,2,1,2,ACO_Local,1.977424281,4.597071
113,1,64,2,2,2,ACO,0.199232512,0.4659605
114,1,64,2,2,2,ACO_Local,0.201429133,0.59627
115,2,64,2,2,2,ACO,0.398465024,0.9045995
116,2,64,2,2,2,ACO_Local,0.402858267,1.1794509
117,3,64,2,2,2,ACO,0.597697536,1.3384853
118,3,64,2,2,2,ACO_Local,0.6042874,1.7860546
119,4,64,2,2,2,ACO,0.796930048,1.780332
120,4,64,2,2,2,ACO_Local,0.805716533,2.4259022
121,5,64,2,2,2,ACO,0.996162561,2.2419221
122,5,64,2,2,2,ACO_Local,1.007145666,3.0820084
123,6,64,2,2,2,ACO,1.195395073,2.7118853
124,6,64,2,2,2,ACO_Local,1.2085748,3.7303244
125,7,64,2,2,2,ACO,1.394627585,3.1956854
126,7,64,2,2,2,ACO_Local,1.410003933,4.3852443
127,8,64,2,2,2,ACO,1.593860097,3.6607607
128,8,64,2,2,2,ACO_Local,1.611433066,5.0446903
129,1,144,2,3,2,ACO,0.290015579,0.4786694
130,1,144,2,3,2,ACO_Local,0.290015579,0.6901206
131,2,144,2,3,2,ACO,0.580031158,0.9731642
132,2,144,2,3,2,ACO_Local,0.580031158,1.3431166
133,3,144,2,3,2,ACO,0.870046737,1.489609
134,3,144,2,3,2,ACO_Local,0.870046737,2.0460761
135,4,144,2,3,2,ACO,1.160062316,1.9808713
136,4,144,2,3,2,ACO_Local,1.160062316,2.7260349
137,5,144,2,3,2,ACO,1.450077895,2.5293044
138,5,144,2,3,2,ACO_Local,1.450077895,3.3896311
139,6,144,2,3,2,ACO,1.740093475,3.0326217
140,6,144,2,3,2,ACO_Local,1.740093475,4.047101
141,7,144,2,3,2,ACO,2.030109054,3.5146279
142,7,144,2,3,2,ACO_Local,2.030109054,4.689753
143,8,144,2,3,2,ACO,2.320124633,3.9878377
144,8,144,2,3,2,ACO_Local,2.320124633,5.3243265
145,1,256,2,4,2,ACO,0.245898284,0.6082813
146,1,256,2,4,2,ACO_Local,0.251137508,0.684351
147,2,256,2,4,2,ACO,0.490113541,1.1836844
148,2,256,2,4,2,ACO_Local,0.502275017,1.3933534
149,3,256,2,4,2,ACO,0.736011825,1.7393394
150,3,256,2,4,2,ACO_Local,0.753412525,2.0809826
151,4,256,2,4,2,ACO,0.981910109,2.5436451
152,4,256,2,4,2,ACO_Local,1.004550033,2.7632732
153,5,256,2,4,2,ACO,1.227808393,3.1280675
154,5,256,2,4,2,ACO_Local,1.255687541,3.4353631
155,6,256,2,4,2,ACO,1.473706677,3.6679723
156,6,256,2,4,2,ACO_Local,1.50682505,4.1161314
157,7,256,2,4,2,ACO,1.719604961,4.194966
158,7,256,2,4,2,ACO_Local,1.757962558,4.832699
159,8,256,2,4,2,ACO,1.965503245,4.7243296
160,8,256,2,4,2,ACO_Local,2.009100066,5.5183303
161,1,400,2,5,2,ACO,0.306022494,0.6198026
162,1,400,2,5,2,ACO_Local,0.319554043,0.74644
163,2,400,2,5,2,ACO,0.611954237,1.187324
164,2,400,2,5,2,ACO_Local,0.639108085,1.4827404
165,3,400,2,5,2,ACO,0.917885981,1.7555762
166,3,400,2,5,2,ACO_Local,0.958662128,2.2247292
167,4,400,2,5,2,ACO,1.223908475,2.4459555
168,4,400,2,5,2,ACO_Local,1.278110134,2.9932248
169,5,400,2,5,2,ACO,1.529930969,3.114558
170,5,400,2,5,2,ACO_Local,1.597664176,3.7994147
171,6,400,2,5,2,ACO,1.835953462,4.1178691
172,6,400,2,5,2,ACO_Local,1.917218219,4.6309633
173,7,400,2,5,2,ACO,2.141975956,5.3023507
174,7,400,2,5,2,ACO_Local,2.236772261,5.4292094
175,8,400,2,5,2,ACO,2.447998449,5.8624835
176,8,400,2,5,2,ACO_Local,2.556326304,6.2466837
177,1,576,2,6,2,ACO,0.209527567,0.5921471
178,1,576,2,6,2,ACO_Local,0.261117869,0.7606986
179,2,576,2,6,2,ACO,0.419055133,1.2213603
180,2,576,2,6,2,ACO_Local,0.522235737,1.5454426
181,3,576,2,6,2,ACO,0.6285827,1.8056163
182,3,576,2,6,2,ACO_Local,0.783353606,2.3393483
183,4,576,2,6,2,ACO,0.838110266,2.3830062
184,4,576,2,6,2,ACO_Local,1.044471475,3.1248471
185,5,576,2,6,2,ACO,1.047637833,3.0432947
186,5,576,2,6,2,ACO_Local,1.305589343,3.8788562
187,6,576,2,6,2,ACO,1.2571654,3.5999717
188,6,576,2,6,2,ACO_Local,1.566707212,4.6522585
189,7,576,2,6,2,ACO,1.466692966,4.18651
190,7,576,2,6,2,ACO_Local,1.827825081,5.4615936
191,8,576,2,6,2,ACO,1.676220533,4.7853813
192,8,576,2,6,2,ACO_Local,2.088942949,6.2397995
193,1,54,3,1,2,ACO,0.321159648,0.4748874
194,1,54,3,1,2,ACO_Local,0.327123409,0.6637074
195,2,54,3,1,2,ACO,0.642319296,0.9626046
196,2,54,3,1,2,ACO_Local,0.654246817,1.3371777
197,3,54,3,1,2,ACO,0.963478944,1.4355086
198,3,54,3,1,2,ACO_Local,0.981370226,2.0911411
199,4,54,3,1,2,ACO,1.284638592,1.9470938
200,4,54,3,1,2,ACO_Local,1.308493635,2.80883
201,5,54,3,1,2,ACO,1.60579824,2.5115923
202,5,54,3,1,2,ACO_Local,1.635617044,3.5212658
203,6,54,3,1,2,ACO,1.926957888,3.0292738
204,6,54,3,1,2,ACO_Local,1.962740452,4.2726073
205,7,54,3,1,2,ACO,2.248117536,3.5169047
206,7,54,3,1,2,ACO_Local,2.289863861,4.9875213
207,8,54,3,1,2,ACO,2.569277184,3.9933717
208,8,54,3,1,2,ACO_Local,2.61698727,5.6540036
209,1,216,3,2,2,ACO,0.351382586,0.5176627
210,1,216,3,2,2,ACO_Local,0.351382586,0.6989692
211,2,216,3,2,2,ACO,0.702765172,1.0418293
212,2,216,3,2,2,ACO_Local,0.702765172,1.4488718
213,3,216,3,2,2,ACO,1.054147758,1.6403187
214,3,216,3,2,2,ACO_Local,1.054147758,2.1914567
215,4,216,3,2,2,ACO,1.405530344,2.2425849
216,4,216,3,2,2,ACO_Local,1.405530344,3.0062587
217,5,216,3,2,2,ACO,1.75691293,2.9232112
218,5,216,3,2,2,ACO_Local,1.75691293,3.7813737
219,6,216,3,2,2,ACO,2.108295516,3.5176509
220,6,216,3,2,2,ACO_Local,2.108295516,4.4690235
221,7,216,3,2,2,ACO,2.459678102,4.0430854
222,7,216,3,2,2,ACO_Local,2.459678102,5.1906988
223,8,216,3,2,2,ACO,2.811060688,4.5708664
224,8,216,3,2,2,ACO_Local,2.811060688,5.8984341
225,1,486,3,3,2,ACO,0.264266378,1.2427574
226,1,486,3,3,2,ACO_Local,0.286860788,0.7674077
227,2,486,3,3,2,ACO,0.528532757,2.3501007
228,2,486,3,3,2,ACO_Local,0.573721576,1.5789092
229,3,486,3,3,2,ACO,0.792799135,2.9982948
230,3,486,3,3,2,ACO_Local,0.860582365,2.3437263
231,4,486,3,3,2,ACO,1.057065514,3.5642109
232,4,486,3,3,2,ACO_Local,1.147443153,3.1437612
233,5,486,3,3,2,ACO,1.321331892,4.2068351
234,5,486,3,3,2,ACO_Local,1.434303941,3.895757
235,6,486,3,3,2,ACO,1.585598271,4.7643537
236,6,486,3,3,2,ACO_Local,1.721164729,4.6877439
237,7,486,3,3,2,ACO,1.849864649,5.3080752
238,7,486,3,3,2,ACO_Local,2.008025518,5.4368848
239,8,486,3,3,2,ACO,2.112713219,5.8649186
240,8,486,3,3,2,ACO_Local,2.294886306,6.2870089
241,1,864,3,4,2,ACO,0.421744973,0.6440367
242,1,864,3,4,2,ACO_Local,0.449682901,0.8341174
243,2,864,3,4,2,ACO,0.843489946,1.2347697
244,2,864,3,4,2,ACO_Local,0.903114839,1.8118107
245,3,864,3,4,2,ACO,1.265234919,1.9646936
246,3,864,3,4,2,ACO_Local,1.353360096,2.6431993
247,4,864,3,4,2,ACO,1.686979892,2.6063877
248,4,864,3,4,2,ACO_Local,1.803042996,3.5510801
249,5,864,3,4,2,ACO,2.108724865,3.2603668
250,5,864,3,4,2,ACO_Local,2.252725897,4.4384075
251,6,864,3,4,2,ACO,2.530469838,3.9294932
252,6,864,3,4,2,ACO_Local,2.702408797,5.3862917
253,7,864,3,4,2,ACO,2.952214812,4.5957189
254,7,864,3,4,2,ACO_Local,3.155840736,6.3261411
255,8,864,3,4,2,ACO,3.373959785,5.2675154
256,8,864,3,4,2,ACO_Local,3.605523637,7.2402683
257,1,1350,3,5,2,ACO,0.356724564,0.7110225
258,1,1350,3,5,2,ACO_Local,0.405632135,1.2033959
259,2,1350,3,5,2,ACO,0.713449129,1.3835597
260,2,1350,3,5,2,ACO_Local,0.80056566,2.2100113
261,3,1350,3,5,2,ACO,1.070173693,1.9938291
262,3,1350,3,5,2,ACO_Local,1.195118392,3.0910328
263,4,1350,3,5,2,ACO,1.426898258,2.6610658
264,4,1350,3,5,2,ACO_Local,1.592724711,4.5190357
265,5,1350,3,5,2,ACO,1.783622822,3.3181192
266,5,1350,3,5,2,ACO_Local,1.987658236,5.4156312
267,6,1350,3,5,2,ACO,2.140347387,3.9479811
268,6,1350,3,5,2,ACO_Local,2.385645349,6.3810065
269,7,1350,3,5,2,ACO,2.497071951,4.5677842
270,7,1350,3,5,2,ACO_Local,2.79089669,7.2854149
271,8,1350,3,5,2,ACO,2.853796515,5.1986745
272,8,1350,3,5,2,ACO_Local,3.188883803,8.2067234
273,1,1944,3,6,2,ACO,0.32522897,0.6740668
274,1,1944,3,6,2,ACO_Local,0.397620475,0.9101618
275,2,1944,3,6,2,ACO,0.645703238,1.3676543
276,2,1944,3,6,2,ACO_Local,0.79524095,1.8163752
277,3,1944,3,6,2,ACO,0.966177505,2.0431357
278,3,1944,3,6,2,ACO_Local,1.192861425,2.7129562
279,4,1944,3,6,2,ACO,1.286651773,2.708599
280,4,1944,3,6,2,ACO_Local,1.5904819,3.6872981
281,5,1944,3,6,2,ACO,1.606163527,3.3722029
282,5,1944,3,6,2,ACO_Local,1.988102375,4.6444077
283,6,1944,3,6,2,ACO,1.926541261,4.1010971
284,6,1944,3,6,2,ACO_Local,2.38572285,5.7654357
285,7,1944,3,6,2,ACO,2.250501505,4.8304339
286,7,1944,3,6,2,ACO_Local,2.783343324,6.8152704
287,8,1944,3,6,2,ACO,2.566772492,5.6580944
288,8,1944,3,6,2,ACO_Local,3.180963799,7.7864337
289,1,128,4,1,2,ACO,0.245666018,0.6134253
290,1,128,4,1,2,ACO_Local,0.259415754,0.8123692
291,2,128,4,1,2,ACO,0.492953707,1.2313104
292,2,128,4,1,2,ACO_Local,0.518831507,1.7063027
293,3,128,4,1,2,ACO,0.744010023,1.8815264
294,3,128,4,1,2,ACO_Local,0.777780702,2.663777
295,4,128,4,1,2,ACO,0.992572232,2.5865364
296,4,128,4,1,2,ACO_Local,1.035045498,3.7710771
297,5,128,4,1,2,ACO,1.238336067,3.1389452
298,5,128,4,1,2,ACO_Local,1.294844514,4.5520917
299,6,128,4,1,2,ACO,1.488169731,3.7620098
300,6,128,4,1,2,ACO_Local,1.554480346,5.393794
301,7,128,4,1,2,ACO,1.738700338,4.3604782
302,7,128,4,1,2,ACO_Local,1.8138961,6.1824252
303,8,128,4,1,2,ACO,1.988901295,4.9234517
304,8,128,4,1,2,ACO_Local,2.071160896,7.2933919
305,1,512,4,2,2,ACO,0.357644929,0.628691
306,1,512,4,2,2,ACO_Local,0.370055682,0.855786
307,2,512,4,2,2,ACO,0.715289858,1.2436725
308,2,512,4,2,2,ACO_Local,0.740111365,1.7584325
309,3,512,4,2,2,ACO,1.072934787,1.8828098
310,3,512,4,2,2,ACO_Local,1.110167047,2.6147043
311,4,512,4,2,2,ACO,1.430579716,2.4717505
312,4,512,4,2,2,ACO_Local,1.48022273,3.4604845
313,5,512,4,2,2,ACO,1.788224645,3.0485995
314,5,512,4,2,2,ACO_Local,1.850278412,4.2870152
315,6,512,4,2,2,ACO,2.145869574,3.6395014
316,6,512,4,2,2,ACO_Local,2.220334095,5.2176478
317,7,512,4,2,2,ACO,2.503514503,4.218193
318,7,512,4,2,2,ACO_Local,2.590382591,6.0375121
319,8,512,4,2,2,ACO,2.861159432,4.7980072
320,8,512,4,2,2,ACO_Local,2.954494057,6.9113981
321,1,1152,4,3,2,ACO,0.424753402,0.616131
322,1,1152,4,3,2,ACO_Local,0.488419357,0.9135816
323,2,1152,4,3,2,ACO,0.849506805,1.2667464
324,2,1152,4,3,2,ACO_Local,0.976153722,2.1190314
325,3,1152,4,3,2,ACO,1.274260207,1.88665
326,3,1152,4,3,2,ACO_Local,1.462499538,3.063158
327,4,1152,4,3,2,ACO,1.699013609,2.5245138
328,4,1152,4,3,2,ACO_Local,1.948845354,4.0176145
329,5,1152,4,3,2,ACO,2.123767011,3.1979353
330,5,1152,4,3,2,ACO_Local,2.437389362,4.9675762
331,6,1152,4,3,2,ACO,2.548520414,3.8957798
332,6,1152,4,3,2,ACO_Local,2.925933371,5.9350264
333,7,1152,4,3,2,ACO,2.973273816,4.6543569
334,7,1152,4,3,2,ACO_Local,3.414477379,6.8940218
335,8,1152,4,3,2,ACO,3.398027218,5.3068363
336,8,1152,4,3,2,ACO_Local,3.902433273,7.7774201
337,1,2048,4,4,2,ACO,0.368234337,0.6981294
338,1,2048,4,4,2,ACO_Local,0.428928633,1.9149898
339,2,2048,4,4,2,ACO,0.736618977,1.6980738
340,2,2048,4,4,2,ACO_Local,0.856503149,3.4380108
341,3,2048,4,4,2,ACO,1.104853314,2.4423123
342,3,2048,4,4,2,ACO_Local,1.285431782,4.6610603
343,4,2048,4,4,2,ACO,1.473087651,3.1429797
344,4,2048,4,4,2,ACO_Local,1.713006298,5.6223431
345,5,2048,4,4,2,ACO,1.84967563,3.9598673
346,5,2048,4,4,2,ACO_Local,2.139439587,6.5565948
347,6,2048,4,4,2,ACO,2.21806027,4.6813544
348,6,2048,4,4,2,ACO_Local,2.56824258,7.6043798
349,7,2048,4,4,2,ACO,2.586294607,5.4107878
350,7,2048,4,4,2,ACO_Local,3.005048022,8.5541011
351,8,2048,4,4,2,ACO,2.962882586,6.1031676
352,8,2048,4,4,2,ACO_Local,3.432622539,9.5163098
353,1,3200,4,5,2,ACO,0.455285832,0.7541725
354,1,3200,4,5,2,ACO_Local,0.47194365,1.3210914
355,2,3200,4,5,2,ACO,0.910571665,1.4837565
356,2,3200,4,5,2,ACO_Local,0.944327536,2.3730792
357,3,3200,4,5,2,ACO,1.365857497,2.2332703
358,3,3200,4,5,2,ACO_Local,1.416753443,3.6527355
359,4,3200,4,5,2,ACO,1.82114333,3.0339805
360,4,3200,4,5,2,ACO_Local,1.889152937,4.9655201
361,5,3200,4,5,2,ACO,2.276429162,3.9445519
362,5,3200,4,5,2,ACO_Local,2.361833373,6.187368
363,6,3200,4,5,2,ACO,2.731714994,4.758957
364,6,3200,4,5,2,ACO_Local,2.834513809,7.2808547
365,7,3200,4,5,2,ACO,3.187000827,5.4548366
366,7,3200,4,5,2,ACO_Local,3.306897694,8.362685
367,8,3200,4,5,2,ACO,3.642286659,6.181821
368,8,3200,4,5,2,ACO_Local,3.779000638,9.4542178
369,1,4608,4,6,2,ACO,0.345137351,0.7719552
370,1,4608,4,6,2,ACO_Local,0.407735727,1.0204575
371,2,4608,4,6,2,ACO,0.690274703,1.7658857
372,2,4608,4,6,2,ACO_Local,0.815471453,2.0281254
373,3,4608,4,6,2,ACO,1.035412054,2.6970114
374,3,4608,4,6,2,ACO_Local,1.22320718,3.1055408
375,4,4608,4,6,2,ACO,1.380549405,3.4678864
376,4,4608,4,6,2,ACO_Local,1.630942906,4.1807333
377,5,4608,4,6,2,ACO,1.725686757,4.2692872
378,5,4608,4,6,2,ACO_Local,2.038678633,5.3387944
379,6,4608,4,6,2,ACO,2.070824108,5.0041614
380,6,4608,4,6,2,ACO_Local,2.446414359,6.3548627
381,7,4608,4,6,2,ACO,2.415961459,5.7984853
382,7,4608,4,6,2,ACO_Local,2.854150086,7.5076212
383,8,4608,4,6,2,ACO,2.761098811,6.6304097
384,8,4608,4,6,2,ACO_Local,3.261885812,8.6624032
385,1,250,5,1,2,ACO,0.436188541,0.6337982
386,1,250,5,1,2,ACO_Local,0.442672694,0.8900732
387,2,250,5,1,2,ACO,0.872377081,1.2719134
388,2,250,5,1,2,ACO_Local,0.881704869,1.7987536
389,3,250,5,1,2,ACO,1.308565622,1.8854388
390,3,250,5,1,2,ACO_Local,1.323826094,2.6893704
391,4,250,5,1,2,ACO,1.744754162,2.504618
392,4,250,5,1,2,ACO_Local,1.766498788,3.8195579
393,5,250,5,1,2,ACO,2.170158158,3.2108861
394,5,250,5,1,2,ACO_Local,2.208620013,4.7795672
395,6,250,5,1,2,ACO,2.595562153,3.9009699
396,6,250,5,1,2,ACO_Local,2.651292707,5.9300083
397,7,250,5,1,2,ACO,3.031750694,4.5723576
398,7,250,5,1,2,ACO_Local,3.0939654,6.8327998
399,8,250,5,1,2,ACO,3.467939234,5.1911083
400,8,250,5,1,2,ACO_Local,3.536638094,7.6962366
401,1,1000,5,2,2,ACO,0.493043663,0.658007
402,1,1000,5,2,2,ACO_Local,0.516588463,0.9509679
403,2,1000,5,2,2,ACO,0.986087326,1.3276867
404,2,1000,5,2,2,ACO_Local,1.036015007,2.0073308
405,3,1000,5,2,2,ACO,1.479130989,1.9808619
406,3,1000,5,2,2,ACO_Local,1.552603469,2.9915322
407,4,1000,5,2,2,ACO,1.972174652,2.6232188
408,4,1000,5,2,2,ACO_Local,2.072030013,4.4660775
409,5,1000,5,2,2,ACO,2.465218314,3.415978
410,5,1000,5,2,2,ACO_Local,2.588618476,5.5786653
411,6,1000,5,2,2,ACO,2.958261977,4.0568814
412,6,1000,5,2,2,ACO_Local,3.105206938,6.5458097
413,7,1000,5,2,2,ACO,3.45130564,4.7413072
414,7,1000,5,2,2,ACO_Local,3.621795401,7.5267158
415,8,1000,5,2,2,ACO,3.944349303,5.5236988
416,8,1000,5,2,2,ACO_Local,4.140981328,8.8428766
417,1,2250,5,3,2,ACO,0.362132187,0.6768028
418,1,2250,5,3,2,ACO_Local,0.390641755,1.051071
419,2,2250,5,3,2,ACO,0.726952522,1.3795711
420,2,2250,5,3,2,ACO_Local,0.783421113,2.0422724
421,3,2250,5,3,2,ACO,1.089084709,2.0566515
422,3,2250,5,3,2,ACO_Local,1.178715422,3.0085333
423,4,2250,5,3,2,ACO,1.451216897,2.7480525
424,4,2250,5,3,2,ACO_Local,1.577341139,4.1716264
425,5,2250,5,3,2,ACO,1.813349084,3.4318993
426,5,2250,5,3,2,ACO_Local,1.955339968,5.2600178
427,6,2250,5,3,2,ACO,2.175481271,4.2940575
428,6,2250,5,3,2,ACO_Local,2.353965686,6.5226401
429,7,2250,5,3,2,ACO,2.537613458,5.1541763
430,7,2250,5,3,2,ACO_Local,2.746745045,7.8004387
431,8,2250,5,3,2,ACO,2.899745645,5.899522
432,8,2250,5,3,2,ACO_Local,3.145370763,9.0198422
433,1,4000,5,4,2,ACO,0.449668506,0.7474685
434,1,4000,5,4,2,ACO_Local,0.492014531,1.4697913
435,2,4000,5,4,2,ACO,0.897672386,1.597537
436,2,4000,5,4,2,ACO_Local,0.979934818,2.5155015
437,3,4000,5,4,2,ACO,1.345676265,2.4789609
438,3,4000,5,4,2,ACO_Local,1.467855104,3.509113
439,4,4000,5,4,2,ACO,1.793680144,3.2398921
440,4,4000,5,4,2,ACO_Local,1.959869636,4.6047238
441,5,4000,5,4,2,ACO,2.24334865,4.6876003
442,5,4000,5,4,2,ACO_Local,2.451884167,5.7454217
443,6,4000,5,4,2,ACO,2.691352529,5.4687834
444,6,4000,5,4,2,ACO_Local,2.939804454,6.7933363
445,7,4000,5,4,2,ACO,3.139356408,6.3160099
446,7,4000,5,4,2,ACO_Local,3.431818985,8.0116019
447,8,4000,5,4,2,ACO,3.587360288,7.1602267
448,8,4000,5,4,2,ACO_Local,3.923833516,9.0490463
449,1,6250,5,5,2,ACO,0.485406928,0.8182089
450,1,6250,5,5,2,ACO_Local,0.494930815,1.0458325
451,2,6250,5,5,2,ACO,0.970813856,1.5693469
452,2,6250,5,5,2,ACO_Local,0.989861629,2.1078826
453,3,6250,5,5,2,ACO,1.456220785,2.3896876
454,3,6250,5,5,2,ACO_Local,1.484792444,3.1840069
455,4,6250,5,5,2,ACO,1.941627713,3.2662878
456,4,6250,5,5,2,ACO_Local,1.979723258,4.3354577
457,5,6250,5,5,2,ACO,2.427034641,4.2029992
458,5,6250,5,5,2,ACO_Local,2.474654073,5.5075769
459,6,6250,5,5,2,ACO,2.912441569,5.0817577
460,6,6250,5,5,2,ACO_Local,2.969584887,6.6473246
461,7,6250,5,5,2,ACO,3.397848497,5.9681747
462,7,6250,5,5,2,ACO_Local,3.464515702,7.8556319
463,8,6250,5,5,2,ACO,3.883255425,6.8278838
464,8,6250,5,5,2,ACO_Local,3.959446516,9.1034333
465,1,9000,5,6,2,ACO,0.515722062,0.9083443
466,1,9000,5,6,2,ACO_Local,0.535898073,1.1310082
467,2,9000,5,6,2,ACO,1.031444124,2.3916116
468,2,9000,5,6,2,ACO_Local,1.071796146,2.277734
469,3,9000,5,6,2,ACO,1.547166186,3.2153165
470,3,9000,5,6,2,ACO_Local,1.607694219,3.4112498
471,4,9000,5,6,2,ACO,2.062888248,4.2548119
472,4,9000,5,6,2,ACO_Local,2.143592292,4.5642148
473,5,9000,5,6,2,ACO,2.57861031,5.1467167
474,5,9000,5,6,2,ACO_Local,2.679490365,5.6501362
475,6,9000,5,6,2,ACO,3.094332372,6.1200562
476,6,9000,5,6,2,ACO_Local,3.215388438,6.7871757
477,7,9000,5,6,2,ACO,3.610054434,7.2385933
478,7,9000,5,6,2,ACO_Local,3.751286511,8.0481431
479,8,9000,5,6,2,ACO,4.125700354,8.0982733
480,8,9000,5,6,2,ACO_Local,4.287184584,9.1615327
481,1,432,6,1,2,ACO,0.326522413,1.0109931
482,1,432,6,1,2,ACO_Local,0.361200449,1.5963076
483,2,432,6,1,2,ACO,0.651934853,1.7888492
484,2,432,6,1,2,ACO_Local,0.714356386,2.7585249
485,3,432,6,1,2,ACO,0.980010794,3.0197513
486,3,432,6,1,2,ACO_Local,1.075662871,3.9636801
487,4,432,6,1,2,ACO,1.306812361,4.040462
488,4,432,6,1,2,ACO_Local,1.427519677,5.1642143
489,5,432,6,1,2,ACO,1.63421228,5.4164466
490,5,432,6,1,2,ACO_Local,1.795020524,6.3833659
491,6,432,6,1,2,ACO,1.957567435,6.3504066
492,6,432,6,1,2,ACO_Local,2.156463351,7.3992058
493,7,432,6,1,2,ACO,2.270423583,7.184104
494,7,432,6,1,2,ACO_Local,2.523613367,8.5730017
495,8,432,6,1,2,ACO,2.588558586,8.0748957
496,8,432,6,1,2,ACO_Local,2.885056193,9.9798692
497,1,1728,6,2,2,ACO,0.451586355,0.7575961
498,1,1728,6,2,2,ACO_Local,0.455382277,1.0030182
499,2,1728,6,2,2,ACO,0.903172711,1.6393202
500,2,1728,6,2,2,ACO_Local,0.910826447,2.1869546
501,3,1728,6,2,2,ACO,1.354759066,2.3947961
502,3,1728,6,2,2,ACO_Local,1.36371112,3.45064
503,4,1728,6,2,2,ACO,1.806345422,3.1303007
504,4,1728,6,2,2,ACO_Local,1.816595792,4.4987924
505,5,1728,6,2,2,ACO,2.257931777,3.8816008
506,5,1728,6,2,2,ACO_Local,2.268779649,5.8284395
507,6,1728,6,2,2,ACO,2.709518133,4.6114413
508,6,1728,6,2,2,ACO_Local,2.724223819,7.5803622
509,7,1728,6,2,2,ACO,3.161104488,5.3750461
510,7,1728,6,2,2,ACO_Local,3.17700613,8.7182557
511,8,1728,6,2,2,ACO,3.612690844,6.1846185
512,8,1728,6,2,2,ACO_Local,3.629189987,10.3177979
513,1,3888,6,3,2,ACO,0.388213544,0.814967
514,1,3888,6,3,2,ACO_Local,0.416384333,1.30942
515,2,3888,6,3,2,ACO,0.7729427,2.2123102
516,2,3888,6,3,2,ACO_Local,0.832928764,2.4667349
517,3,3888,6,3,2,ACO,1.149832876,3.1298598
518,3,3888,6,3,2,ACO_Local,1.249473195,3.5689338
519,4,3888,6,3,2,ACO,1.540804281,3.9422602
520,4,3888,6,3,2,ACO_Local,1.666017626,4.6921167
521,5,3888,6,3,2,ACO,1.922481051,4.6881015
522,5,3888,6,3,2,ACO_Local,2.082562056,6.2949303
523,6,3888,6,3,2,ACO,2.322073248,5.6719869
524,6,3888,6,3,2,ACO_Local,2.499106487,7.7355338
525,7,3888,6,3,2,ACO,2.7152547,6.5202585
526,7,3888,6,3,2,ACO_Local,2.915650918,8.9755993
527,8,3888,6,3,2,ACO,3.114846897,7.2974826
528,8,3888,6,3,2,ACO_Local,3.332195349,10.8214911
529,1,6912,6,4,2,ACO,0.379292733,0.8214885
530,1,6912,6,4,2,ACO_Local,0.431199103,1.1648083
531,2,6912,6,4,2,ACO,0.758585465,1.687403
532,2,6912,6,4,2,ACO_Local,0.862398206,2.2712078
533,3,6912,6,4,2,ACO,1.137878198,2.5697429
534,3,6912,6,4,2,ACO_Local,1.293597308,3.4137625
535,4,6912,6,4,2,ACO,1.51717093,3.4708273
536,4,6912,6,4,2,ACO_Local,1.724796411,4.5648917
537,5,6912,6,4,2,ACO,1.896463663,4.408855
538,5,6912,6,4,2,ACO_Local,2.155995514,5.7806543
539,6,6912,6,4,2,ACO,2.275756395,5.4079227
540,6,6912,6,4,2,ACO_Local,2.587243967,7.0762198
541,7,6912,6,4,2,ACO,2.655049128,6.4433667
542,7,6912,6,4,2,ACO_Local,3.018443069,8.1842563
543,8,6912,6,4,2,ACO,3.034341861,7.2969393
544,8,6912,6,4,2,ACO_Local,3.449642172,9.3522822
545,1,10800,6,5,2,ACO,0.436385339,0.8833166
546,1,10800,6,5,2,ACO_Local,0.459325809,1.230037
547,2,10800,6,5,2,ACO,0.872770678,1.8008354
548,2,10800,6,5,2,ACO_Local,0.918651619,2.5220198
549,3,10800,6,5,2,ACO,1.309156017,2.5956207
550,3,10800,6,5,2,ACO_Local,1.377977428,3.7770268
551,4,10800,6,5,2,ACO,1.745541356,3.3766281
552,4,10800,6,5,2,ACO_Local,1.837303238,4.9354347
553,5,10800,6,5,2,ACO,2.181926695,4.1562097
554,5,10800,6,5,2,ACO_Local,2.300106419,6.3423514
555,6,10800,6,5,2,ACO,2.618312034,4.9529899
556,6,10800,6,5,2,ACO_Local,2.759432228,7.5299667
557,7,10800,6,5,2,ACO,3.054697373,5.7697333
558,7,10800,6,5,2,ACO_Local,3.218758038,8.7407743
559,8,10800,6,5,2,ACO,3.491082712,6.6424224
560,8,10800,6,5,2,ACO_Local,3.678083847,9.9373469
561,1,15552,6,6,2,ACO,0.492876202,0.8752493
562,1,15552,6,6,2,ACO_Local,0.533567611,1.2562685
563,2,15552,6,6,2,ACO,0.991319093,2.2267771
564,2,15552,6,6,2,ACO_Local,1.061958716,2.6516515
565,3,15552,6,6,2,ACO,1.484195295,3.24288
566,3,15552,6,6,2,ACO_Local,1.58760252,3.9719514
567,4,15552,6,6,2,ACO,1.979890885,4.2868339
568,4,15552,6,6,2,ACO_Local,2.116245204,5.2532942
569,5,15552,6,6,2,ACO,2.475586474,5.3233191
570,5,15552,6,6,2,ACO_Local,2.649812815,6.6623854
571,6,15552,6,6,2,ACO,2.968462676,6.225234
572,6,15552,6,6,2,ACO_Local,3.183380426,8.0243783
573,7,15552,6,6,2,ACO,3.461338878,7.1290219
574,7,15552,6,6,2,ACO_Local,3.716948037,9.3682724
575,8,15552,6,6,2,ACO,3.957034468,8.0415951
576,8,15552,6,6,2,ACO_Local,4.245339142,10.7429694
577,1,6,1,1,3,ACO,0.206248959,0.9850148
578,1,6,1,1,3,ACO_Local,0.229890164,0.9220573
579,2,6,1,1,3,ACO,0.411150357,1.6517528
580,2,6,1,1,3,ACO_Local,0.459780328,1.8821714
581,3,6,1,1,3,ACO,0.616885049,2.29448
582,3,6,1,1,3,ACO_Local,0.689670492,2.7819404
583,4,6,1,1,3,ACO,0.821786447,2.911837
584,4,6,1,1,3,ACO_Local,0.919294593,3.7694988
585,5,6,1,1,3,ACO,1.027521138,3.6088284
586,5,6,1,1,3,ACO_Local,1.149184757,4.7332632
587,6,6,1,1,3,ACO,1.233770098,4.2642196
588,6,6,1,1,3,ACO_Local,1.374687005,5.7270843
589,7,6,1,1,3,ACO,1.438671495,4.8587983
590,7,6,1,1,3,ACO_Local,1.604577169,6.6378512
591,8,6,1,1,3,ACO,1.643572893,5.4671977
592,8,6,1,1,3,ACO_Local,1.834467333,7.5773735
593,1,48,1,2,3,ACO,0.306875223,0.7837806
594,1,48,1,2,3,ACO_Local,0.358066943,1.2902543
595,2,48,1,2,3,ACO,0.614328682,1.5764701
596,2,48,1,2,3,ACO_Local,0.717019211,2.3357083
597,3,48,1,2,3,ACO,0.921782141,2.362704
598,3,48,1,2,3,ACO_Local,1.075971479,3.3756091
599,4,48,1,2,3,ACO,1.2292356,3.1273569
600,4,48,1,2,3,ACO_Local,1.434038423,4.5083761
601,5,48,1,2,3,ACO,1.536110823,3.8441422
602,5,48,1,2,3,ACO_Local,1.792105366,5.6434883
603,6,48,1,2,3,ACO,1.843564282,5.2770346
604,6,48,1,2,3,ACO_Local,2.15017231,6.797386
605,7,48,1,2,3,ACO,2.151017741,6.0248418
606,7,48,1,2,3,ACO_Local,2.509124578,7.9667529
607,8,48,1,2,3,ACO,2.4584712,6.7325048
608,8,48,1,2,3,ACO_Local,2.867191521,8.9872617
609,1,162,1,3,3,ACO,0.272168975,0.7953297
610,1,162,1,3,3,ACO_Local,0.329890959,1.1711814
611,2,162,1,3,3,ACO,0.54433795,1.6404047
612,2,162,1,3,3,ACO_Local,0.659781919,2.3762929
613,3,162,1,3,3,ACO,0.816506925,2.5316283
614,3,162,1,3,3,ACO_Local,0.989672878,3.6124241
615,4,162,1,3,3,ACO,1.0886759,3.3081429
616,4,162,1,3,3,ACO_Local,1.319563837,4.7713589
617,5,162,1,3,3,ACO,1.360844875,4.1322784
618,5,162,1,3,3,ACO_Local,1.649454797,6.0820032
619,6,162,1,3,3,ACO,1.63301385,4.9755813
620,6,162,1,3,3,ACO_Local,1.979345756,7.4152689
621,7,162,1,3,3,ACO,1.905182825,5.8522405
622,7,162,1,3,3,ACO_Local,2.309236715,8.6235047
623,8,162,1,3,3,ACO,2.1773518,6.6819105
624,8,162,1,3,3,ACO_Local,2.639127675,9.8074535
625,1,384,1,4,3,ACO,0.369816385,0.9105898
626,1,384,1,4,3,ACO_Local,0.44061264,1.3335552
627,2,384,1,4,3,ACO,0.739632771,2.2079604
628,2,384,1,4,3,ACO_Local,0.88122528,2.6457159
629,3,384,1,4,3,ACO,1.109449156,3.11248
630,3,384,1,4,3,ACO_Local,1.32183792,3.8834876
631,4,384,1,4,3,ACO,1.479265541,4.0777527
632,4,384,1,4,3,ACO_Local,1.762450559,5.1498667
633,5,384,1,4,3,ACO,1.849081926,5.1552553
634,5,384,1,4,3,ACO_Local,2.203063199,6.4285574
635,6,384,1,4,3,ACO,2.218898312,6.0556798
636,6,384,1,4,3,ACO_Local,2.643675839,7.6857616
637,7,384,1,4,3,ACO,2.588714697,7.2922164
638,7,384,1,4,3,ACO_Local,3.084288479,9.0011308
639,8,384,1,4,3,ACO,2.958531082,8.2784059
640,8,384,1,4,3,ACO_Local,3.524901119,10.2738247
641,1,750,1,5,3,ACO,0.405995639,1.7455249
642,1,750,1,5,3,ACO_Local,0.495225261,1.523228
643,2,750,1,5,3,ACO,0.811991279,3.0910582
644,2,750,1,5,3,ACO_Local,0.985677045,2.9235869
645,3,750,1,5,3,ACO,1.217986918,4.0722495
646,3,750,1,5,3,ACO_Local,1.476692819,4.3704155
647,4,750,1,5,3,ACO,1.621774805,5.006254
648,4,750,1,5,3,ACO_Local,1.967144603,5.7256295
649,5,750,1,5,3,ACO,2.026291748,6.3796446
650,5,750,1,5,3,ACO_Local,2.457596387,7.0728002
651,6,750,1,5,3,ACO,2.432287387,7.9467499
652,6,750,1,5,3,ACO_Local,2.94804817,8.5973953
653,7,750,1,5,3,ACO,2.838283027,9.3674445
654,7,750,1,5,3,ACO_Local,3.438499954,10.0530994
655,8,750,1,5,3,ACO,3.242070913,10.2619279
656,8,750,1,5,3,ACO_Local,3.928951738,11.4459773
657,1,1296,1,6,3,ACO,0.33789007,1.0957908
658,1,1296,1,6,3,ACO_Local,0.359300454,1.8764129
659,2,1296,1,6,3,ACO,0.67578014,2.2251265
660,2,1296,1,6,3,ACO_Local,0.709884453,3.7304529
661,3,1296,1,6,3,ACO,1.01367021,3.4995776
662,3,1296,1,6,3,ACO_Local,1.069184907,5.5073507
663,4,1296,1,6,3,ACO,1.351560279,4.5501269
664,4,1296,1,6,3,ACO_Local,1.419768905,7.0919364
665,5,1296,1,6,3,ACO,1.689450349,5.6507521
666,5,1296,1,6,3,ACO_Local,1.770352904,9.0028872
667,6,1296,1,6,3,ACO,2.027340419,6.7559106
668,6,1296,1,6,3,ACO_Local,2.120936902,10.4592221
669,7,1296,1,6,3,ACO,2.365230489,7.8117061
670,7,1296,1,6,3,ACO_Local,2.471520901,11.9684322
671,8,1296,1,6,3,ACO,2.703120559,8.8667874
672,8,1296,1,6,3,ACO_Local,2.822104899,13.5253487
673,1,96,2,1,3,ACO,0.288990026,1.1612863
674,1,96,2,1,3,ACO_Local,0.369311486,1.4330866
675,2,96,2,1,3,ACO,0.5762714,2.1995967
676,2,96,2,1,3,ACO_Local,0.738622973,2.9074523
677,3,96,2,1,3,ACO,0.865261426,3.6901342
678,3,96,2,1,3,ACO_Local,1.106432001,4.7010535
679,4,96,2,1,3,ACO,1.154251451,4.7671874
680,4,96,2,1,3,ACO_Local,1.475743487,6.3820617
681,5,96,2,1,3,ACO,1.441532826,5.747216
682,5,96,2,1,3,ACO_Local,1.845054973,7.8792831
683,6,96,2,1,3,ACO,1.730522851,7.2191912
684,6,96,2,1,3,ACO_Local,2.21436646,9.586793
685,7,96,2,1,3,ACO,2.017804226,8.4674326
686,7,96,2,1,3,ACO_Local,2.58357831,11.1308395
687,8,96,2,1,3,ACO,2.306794251,9.4073406
688,8,96,2,1,3,ACO_Local,2.952889796,12.5589604
689,1,768,2,2,3,ACO,0.449037144,1.0937056
690,1,768,2,2,3,ACO_Local,0.479216729,1.5717909
691,2,768,2,2,3,ACO,0.898074289,2.3306074
692,2,768,2,2,3,ACO_Local,0.958433458,3.268028
693,3,768,2,2,3,ACO,1.347111433,3.8964538
694,3,768,2,2,3,ACO_Local,1.437650186,4.7337879
695,4,768,2,2,3,ACO,1.796148577,5.5802942
696,4,768,2,2,3,ACO_Local,1.912881618,6.1476057
697,5,768,2,2,3,ACO,2.245185722,6.8179966
698,5,768,2,2,3,ACO_Local,2.388090263,7.8941342
699,6,768,2,2,3,ACO,2.694222866,8.3549687
700,6,768,2,2,3,ACO_Local,2.867306992,9.5395782
701,7,768,2,2,3,ACO,3.14326001,9.5538043
702,7,768,2,2,3,ACO_Local,3.346500933,10.9125745
703,8,768,2,2,3,ACO,3.592297155,10.7384899
704,8,768,2,2,3,ACO_Local,3.821732365,12.3496128
705,1,2592,2,3,3,ACO,0.399995383,1.2891972
706,1,2592,2,3,3,ACO_Local,0.487956419,1.5256372
707,2,2592,2,3,3,ACO,0.803039055,2.6032527
708,2,2592,2,3,3,ACO_Local,0.985660098,3.3291381
709,3,2592,2,3,3,ACO,1.203034438,3.671976
710,3,2592,2,3,3,ACO_Local,1.483363776,4.9593348
711,4,2592,2,3,3,ACO,1.60607811,4.8253866
712,4,2592,2,3,3,ACO_Local,1.981489178,6.5270658
713,5,2592,2,3,3,ACO,2.006073493,5.8682316
714,5,2592,2,3,3,ACO_Local,2.479192856,8.3580328
715,6,2592,2,3,3,ACO,2.409117164,7.3384342
716,6,2592,2,3,3,ACO_Local,2.976896534,10.5681562
717,7,2592,2,3,3,ACO,2.812160836,8.8573999
718,7,2592,2,3,3,ACO_Local,3.474486768,12.351132
719,8,2592,2,3,3,ACO,3.215204508,10.0582578
720,8,2592,2,3,3,ACO_Local,3.969169062,14.3878653
721,1,6144,2,4,3,ACO,0.437038388,1.2433087
722,1,6144,2,4,3,ACO_Local,0.480313422,1.8403728
723,2,6144,2,4,3,ACO,0.874076777,2.4406882
724,2,6144,2,4,3,ACO_Local,0.960626843,3.5551863
725,3,6144,2,4,3,ACO,1.311115165,3.5404308
726,3,6144,2,4,3,ACO_Local,1.440940265,5.2359131
727,4,6144,2,4,3,ACO,1.748153554,4.6610226
728,4,6144,2,4,3,ACO_Local,1.921253686,6.9516879
729,5,6144,2,4,3,ACO,2.185191942,5.8553509
730,5,6144,2,4,3,ACO_Local,2.401567108,8.7503514
731,6,6144,2,4,3,ACO,2.622230331,7.114943
732,6,6144,2,4,3,ACO_Local,2.88188053,10.4164788
733,7,6144,2,4,3,ACO,3.059268719,8.2038467
734,7,6144,2,4,3,ACO_Local,3.362193951,12.2722079
735,8,6144,2,4,3,ACO,3.496307108,9.4243903
736,8,6144,2,4,3,ACO_Local,3.842507373,14.1659721
737,1,12000,2,5,3,ACO,0.526689321,1.2610892
738,1,12000,2,5,3,ACO_Local,0.557668188,3.5114116
739,2,12000,2,5,3,ACO,1.053378641,2.6831142
740,2,12000,2,5,3,ACO_Local,1.118567354,5.4379154
741,3,12000,2,5,3,ACO,1.583501128,4.2546045
742,3,12000,2,5,3,ACO_Local,1.676709177,7.9289293
743,4,12000,2,5,3,ACO,2.110190449,5.9857301
744,4,12000,2,5,3,ACO_Local,2.229729572,9.8269907
745,5,12000,2,5,3,ACO,2.636879769,7.4350864
746,5,12000,2,5,3,ACO_Local,2.782580356,12.0726227
747,6,12000,2,5,3,ACO,3.167002256,8.8968048
748,6,12000,2,5,3,ACO_Local,3.335873082,14.0771124
749,7,12000,2,5,3,ACO,3.693691577,10.5670828
750,7,12000,2,5,3,ACO_Local,3.896964253,16.1304699
751,8,12000,2,5,3,ACO,4.220380897,11.9001689
752,8,12000,2,5,3,ACO_Local,4.451061373,18.1784512
753,1,20736,2,6,3,ACO,0.428961686,1.6645515
754,1,20736,2,6,3,ACO_Local,0.480854897,2.3215015
755,2,20736,2,6,3,ACO,0.861640848,2.9998335
756,2,20736,2,6,3,ACO_Local,0.95568458,4.3230452
757,3,20736,2,6,3,ACO,1.279409308,4.3398075
758,3,20736,2,6,3,ACO_Local,1.422492623,6.498505
759,4,20736,2,6,3,ACO,1.697177768,5.6402707
760,4,20736,2,6,3,ACO_Local,1.890403837,9.0914014
761,5,20736,2,6,3,ACO,2.115951352,7.2748122
762,5,20736,2,6,3,ACO_Local,2.366160773,11.3898667
763,6,20736,2,6,3,ACO,2.534206973,8.7223195
764,6,20736,2,6,3,ACO_Local,2.834248534,13.8991837
765,7,20736,2,6,3,ACO,2.959436359,11.1034229
766,7,20736,2,6,3,ACO_Local,3.302314673,16.6116867
767,8,20736,2,6,3,ACO,3.394718795,13.4873521
768,8,20736,2,6,3,ACO_Local,3.770380811,18.5161789
769,1,486,3,1,3,ACO,0.36007102,1.13696
770,1,486,3,1,3,ACO_Local,0.379414596,1.8626487
771,2,486,3,1,3,ACO,0.720142041,2.2356831
772,2,486,3,1,3,ACO_Local,0.758829193,3.6783179
773,3,486,3,1,3,ACO,1.080213061,3.2948607
774,3,486,3,1,3,ACO_Local,1.138243789,5.5557871
775,4,486,3,1,3,ACO,1.440284082,4.3389595
776,4,486,3,1,3,ACO_Local,1.516358712,7.2578225
777,5,486,3,1,3,ACO,1.800355102,5.5138343
778,5,486,3,1,3,ACO_Local,1.895773309,9.1846705
779,6,486,3,1,3,ACO,2.160426123,6.7234967
780,6,486,3,1,3,ACO_Local,2.275187905,11.0182755
781,7,486,3,1,3,ACO,2.520497143,7.7856827
782,7,486,3,1,3,ACO_Local,2.654602502,12.836348
783,8,486,3,1,3,ACO,2.880568164,8.924298
784,8,486,3,1,3,ACO_Local,3.034017098,14.5598668
785,1,3888,3,2,3,ACO,0.47716492,1.2127555
786,1,3888,3,2,3,ACO_Local,0.539416872,2.9463841
787,2,3888,3,2,3,ACO,0.939584918,2.4575288
788,2,3888,3,2,3,ACO_Local,1.079038793,5.439097
789,3,3888,3,2,3,ACO,1.416749838,3.8165834
790,3,3888,3,2,3,ACO_Local,1.618502763,7.5419737
791,4,3888,3,2,3,ACO,1.893914758,5.2519369
792,4,3888,3,2,3,ACO_Local,2.158264235,10.0162735
793,5,3888,3,2,3,ACO,2.371079678,6.987521
794,5,3888,3,2,3,ACO_Local,2.699077834,12.40385
795,6,3888,3,2,3,ACO,2.833499676,8.1842064
796,6,3888,3,2,3,ACO_Local,3.238541804,14.5154752
797,7,3888,3,2,3,ACO,3.295919675,9.6049155
798,7,3888,3,2,3,ACO_Local,3.77791289,17.4657738
799,8,3888,3,2,3,ACO,3.773084595,10.9979037
800,8,3888,3,2,3,ACO_Local,4.317316357,19.4039178
801,1,13122,3,3,3,ACO,0.483037528,1.3389421
802,1,13122,3,3,3,ACO_Local,0.52850298,3.0831388
803,2,13122,3,3,3,ACO,0.966075056,2.6076103
804,2,13122,3,3,3,ACO_Local,1.062088991,6.2125921
805,3,13122,3,3,3,ACO,1.449112584,4.2250028
806,3,13122,3,3,3,ACO_Local,1.595626489,8.7862838
807,4,13122,3,3,3,ACO,1.932150112,5.6475615
808,4,13122,3,3,3,ACO_Local,2.128066391,11.6881187
809,5,13122,3,3,3,ACO,2.41518764,7.3191459
810,5,13122,3,3,3,ACO_Local,2.661616606,14.5057247
811,6,13122,3,3,3,ACO,2.898225168,9.1701595
812,6,13122,3,3,3,ACO_Local,3.189044599,17.4026666
813,7,13122,3,3,3,ACO,3.381262696,10.5964886
814,7,13122,3,3,3,ACO_Local,3.714703741,19.9740004
815,8,13122,3,3,3,ACO,3.864300223,11.96793
816,8,13122,3,3,3,ACO_Local,4.247907378,22.6940849
817,1,31104,3,4,3,ACO,0.520224138,2.0517026
818,1,31104,3,4,3,ACO_Local,0.540549713,2.6579241
819,2,31104,3,4,3,ACO,1.029957716,3.5660606
820,2,31104,3,4,3,ACO_Local,1.081099426,5.1485775
821,3,31104,3,4,3,ACO,1.539691293,5.219403
822,3,31104,3,4,3,ACO_Local,1.621649138,7.8217082
823,4,31104,3,4,3,ACO,2.049424871,6.929634
824,4,31104,3,4,3,ACO_Local,2.161216899,10.3074177
825,5,31104,3,4,3,ACO,2.569649009,8.3610729
826,5,31104,3,4,3,ACO_Local,2.701766612,12.4697346
827,6,31104,3,4,3,ACO,3.089559668,10.2227444
828,6,31104,3,4,3,ACO_Local,3.242316325,15.0058827
829,7,31104,3,4,3,ACO,3.599293246,11.5575646
830,7,31104,3,4,3,ACO_Local,3.781884085,17.3927408
831,8,31104,3,4,3,ACO,4.109026824,12.9822704
832,8,31104,3,4,3,ACO_Local,4.321451846,19.7424251
833,1,60750,3,5,3,ACO,0.486018075,2.5948019
834,1,60750,3,5,3,ACO_Local,0.500605204,2.1521487
835,2,60750,3,5,3,ACO,0.977703963,6.6144974
836,2,60750,3,5,3,ACO_Local,1.006031745,4.4136113
837,3,60750,3,5,3,ACO,1.470251623,8.6456453
838,3,60750,3,5,3,ACO_Local,1.507960675,6.7063638
839,4,60750,3,5,3,ACO,1.953399975,12.2861518
840,4,60750,3,5,3,ACO_Local,2.010176001,9.2179169
841,5,60750,3,5,3,ACO,2.43766136,14.4214205
842,5,60750,3,5,3,ACO_Local,2.512104931,11.6455204
843,6,60750,3,5,3,ACO,2.93020902,17.6519211
844,6,60750,3,5,3,ACO_Local,3.01577569,14.177638
845,7,60750,3,5,3,ACO,3.422756681,19.7816211
846,7,60750,3,5,3,ACO_Local,3.517991016,16.4840256
847,8,60750,3,5,3,ACO,3.90682597,21.5896075
848,8,60750,3,5,3,ACO_Local,4.020206341,20.5434752
849,1,104976,3,6,3,ACO,0.567783369,2.3523078
850,1,104976,3,6,3,ACO_Local,0.592173693,3.3194775
851,2,104976,3,6,3,ACO,1.135624931,5.5748116
852,2,104976,3,6,3,ACO_Local,1.178752671,5.7177324
853,3,104976,3,6,3,ACO,1.70356405,8.3961461
854,3,104976,3,6,3,ACO_Local,1.778487678,8.4346836
855,4,104976,3,6,3,ACO,2.271503168,11.0059733
856,4,104976,3,6,3,ACO_Local,2.387558745,12.0652442
857,5,104976,3,6,3,ACO,2.83948022,14.8264059
858,5,104976,3,6,3,ACO_Local,2.97880239,14.9384079
859,6,104976,3,6,3,ACO,3.408131323,18.0426056
860,6,104976,3,6,3,ACO_Local,3.576796551,17.6920548
861,7,104976,3,6,3,ACO,3.976782426,21.7083853
862,7,104976,3,6,3,ACO_Local,4.18279541,22.4996067
863,8,104976,3,6,3,ACO,4.545433529,25.6342023
864,8,104976,3,6,3,ACO_Local,4.782676804,25.6598877
865,1,1536,4,1,3,ACO,0.415480552,1.5802392
866,1,1536,4,1,3,ACO_Local,0.427181126,2.920596
867,2,1536,4,1,3,ACO,0.830961104,3.2564758
868,2,1536,4,1,3,ACO_Local,0.854826208,6.3528632
869,3,1536,4,1,3,ACO,1.246441656,6.7457843
870,3,1536,4,1,3,ACO_Local,1.280777438,8.7628473
871,4,1536,4,1,3,ACO,1.661922209,8.456995
872,4,1536,4,1,3,ACO_Local,1.705264195,11.8677736
873,5,1536,4,1,3,ACO,2.077402761,10.4463623
874,5,1536,4,1,3,ACO_Local,2.133597084,15.6455472
875,6,1536,4,1,3,ACO,2.492883313,11.9931747
876,6,1536,4,1,3,ACO_Local,2.560204087,18.833526
877,7,1536,4,1,3,ACO,2.908363865,13.5665256
878,7,1536,4,1,3,ACO_Local,2.984713466,22.3112084
879,8,1536,4,1,3,ACO,3.323844417,15.6763073
880,8,1536,4,1,3,ACO_Local,3.410956009,25.113919
881,1,12288,4,2,3,ACO,0.46796324,3.9801565
882,1,12288,4,2,3,ACO_Local,0.556633626,5.1306596
883,2,12288,4,2,3,ACO,0.94660412,6.0308353
884,2,12288,4,2,3,ACO_Local,1.113303263,8.4216789
885,3,12288,4,2,3,ACO,1.422820001,9.1895357
886,3,12288,4,2,3,ACO_Local,1.671806859,12.6393975
887,4,12288,4,2,3,ACO,1.902297005,11.2790484
888,4,12288,4,2,3,ACO_Local,2.229961794,17.5836622
889,5,12288,4,2,3,ACO,2.384745425,13.6066095
890,5,12288,4,2,3,ACO_Local,2.789152571,20.859217
891,6,12288,4,2,3,ACO,2.876013784,16.6538399
892,6,12288,4,2,3,ACO_Local,3.350397768,25.8624024
893,7,12288,4,2,3,ACO,3.354721946,18.9767261
894,7,12288,4,2,3,ACO_Local,3.906551471,29.4189896
895,8,12288,4,2,3,ACO,3.835816499,22.9838047
896,8,12288,4,2,3,ACO_Local,4.458371495,33.8915494
897,1,41472,4,3,3,ACO,0.448290039,2.1592919
898,1,41472,4,3,3,ACO_Local,0.518326609,2.8655489
899,2,41472,4,3,3,ACO,0.897868456,5.7242308
900,2,41472,4,3,3,ACO_Local,1.038149656,5.5607182
901,3,41472,4,3,3,ACO,1.34158476,8.2337514
902,3,41472,4,3,3,ACO_Local,1.559634395,9.018924
903,4,41472,4,3,3,ACO,1.793820407,10.2957168
904,4,41472,4,3,3,ACO_Local,2.06039707,12.1777356
905,5,41472,4,3,3,ACO,2.240804163,14.2389223
906,5,41472,4,3,3,ACO_Local,2.579393568,14.7075055
907,6,41472,4,3,3,ACO,2.711143797,16.8759231
908,6,41472,4,3,3,ACO_Local,3.079988412,17.6582095
909,7,41472,4,3,3,ACO,3.160908896,19.0833747
910,7,41472,4,3,3,ACO_Local,3.601201772,20.3659354
911,8,41472,4,3,3,ACO,3.607477804,22.1086931
912,8,41472,4,3,3,ACO_Local,4.121289758,23.1793625
913,1,98304,4,4,3,ACO,0.449790205,2.1911844
914,1,98304,4,4,3,ACO_Local,0.505851615,3.2940585
915,2,98304,4,4,3,ACO,0.908436926,4.9017712
916,2,98304,4,4,3,ACO_Local,1.011775258,6.2870427
917,3,98304,4,4,3,ACO,1.369845153,7.4854157
918,3,98304,4,4,3,ACO_Local,1.524790775,9.6738028
919,4,98304,4,4,3,ACO,1.83126246,10.5644843
920,4,98304,4,4,3,ACO_Local,2.029666647,12.8783003
921,5,98304,4,4,3,ACO,2.292699511,15.3743839
922,5,98304,4,4,3,ACO_Local,2.535476259,17.265199
923,6,98304,4,4,3,ACO,2.751346232,19.4778901
924,6,98304,4,4,3,ACO_Local,3.050756356,19.9763126
925,7,98304,4,4,3,ACO,3.20998863,22.9956448
926,7,98304,4,4,3,ACO_Local,3.556565967,22.6731642
927,8,98304,4,4,3,ACO,3.671425681,26.7710455
928,8,98304,4,4,3,ACO_Local,4.062375579,26.0752884
929,1,192000,4,5,3,ACO,0.58301106,1.9162316
930,1,192000,4,5,3,ACO_Local,0.62378872,3.7571052
931,2,192000,4,5,3,ACO,1.165711482,3.7922545
932,2,192000,4,5,3,ACO_Local,1.247191753,6.8485619
933,3,192000,4,5,3,ACO,1.748722542,5.6853524
934,3,192000,4,5,3,ACO_Local,1.871064038,10.2583553
935,4,192000,4,5,3,ACO,2.331733603,7.6659292
936,4,192000,4,5,3,ACO_Local,2.49832506,13.5995985
937,5,192000,4,5,3,ACO,2.914744663,9.9632283
938,5,192000,4,5,3,ACO_Local,3.122197345,17.041576
939,6,192000,4,5,3,ACO,3.497755723,12.1131913
940,6,192000,4,5,3,ACO_Local,3.750201618,21.0616162
941,7,192000,4,5,3,ACO,4.080766783,14.3114222
942,7,192000,4,5,3,ACO_Local,4.373906772,24.1592997
943,8,192000,4,5,3,ACO,4.663777843,16.4831633
944,8,192000,4,5,3,ACO_Local,5.00220979,28.1293738
945,1,331776,4,6,3,ACO,0.508890926,6.6450352
946,1,331776,4,6,3,ACO_Local,0.544352453,3.9110256
947,2,331776,4,6,3,ACO,1.017970466,13.426173
948,2,331776,4,6,3,ACO_Local,1.089988397,7.4405641
949,3,331776,4,6,3,ACO,1.537214872,16.5406646
950,3,331776,4,6,3,ACO_Local,1.641505265,11.217163
951,4,331776,4,6,3,ACO,2.056386885,19.9617206
952,4,331776,4,6,3,ACO_Local,2.193631984,14.4769941
953,5,331776,4,6,3,ACO,2.575948027,27.8555061
954,5,331776,4,6,3,ACO_Local,2.744061473,18.0204359
955,6,331776,4,6,3,ACO,3.084806317,31.2808859
956,6,331776,4,6,3,ACO_Local,3.278133713,21.2717075
957,7,331776,4,6,3,ACO,3.594860409,35.8352563
958,7,331776,4,6,3,ACO_Local,3.829696584,24.4626126
959,8,331776,4,6,3,ACO,4.101698487,42.326224
960,8,331776,4,6,3,ACO_Local,4.375067236,28.2029742
961,1,3750,5,1,3,ACO,0.519690343,1.9010382
962,1,3750,5,1,3,ACO_Local,0.536746093,2.5212155
963,2,3750,5,1,3,ACO,1.039380687,3.4600583
964,2,3750,5,1,3,ACO_Local,1.073492185,4.9246162
965,3,3750,5,1,3,ACO,1.55907103,6.2370557
966,3,3750,5,1,3,ACO_Local,1.610238278,7.3714106
967,4,3750,5,1,3,ACO,2.078761373,8.057883
968,4,3750,5,1,3,ACO_Local,2.146984371,9.7804757
969,5,3750,5,1,3,ACO,2.598451716,9.9543853
970,5,3750,5,1,3,ACO_Local,2.683730463,12.3291752
971,6,3750,5,1,3,ACO,3.11814206,11.6789245
972,6,3750,5,1,3,ACO_Local,3.220476556,15.1379711
973,7,3750,5,1,3,ACO,3.637977891,14.200007
974,7,3750,5,1,3,ACO_Local,3.757222649,17.7367106
975,8,3750,5,1,3,ACO,4.157668234,15.721716
976,8,3750,5,1,3,ACO_Local,4.293968741,20.1955386
977,1,30000,5,2,3,ACO,0.483228795,2.7423617
978,1,30000,5,2,3,ACO_Local,0.48785312,3.6666268
979,2,30000,5,2,3,ACO,0.956091044,5.3553945
980,2,30000,5,2,3,ACO_Local,0.982205091,7.3182634
981,3,30000,5,2,3,ACO,1.435270441,8.180573
982,3,30000,5,2,3,ACO_Local,1.476407337,11.0223659
983,4,30000,5,2,3,ACO,1.90813269,10.7810445
984,4,30000,5,2,3,ACO_Local,1.960168997,16.3567302
985,5,30000,5,2,3,ACO,2.381065109,14.6870253
986,5,30000,5,2,3,ACO_Local,2.453472047,20.178503
987,6,30000,5,2,3,ACO,2.853927358,17.8105764
988,6,30000,5,2,3,ACO_Local,2.947087704,23.3260811
989,7,30000,5,2,3,ACO,3.326789608,20.5988292
990,7,30000,5,2,3,ACO_Local,3.430819263,28.5590868
991,8,30000,5,2,3,ACO,3.799722026,23.362508
992,8,30000,5,2,3,ACO_Local,3.914735317,31.5605924
993,1,101250,5,3,3,ACO,0.50310378,2.0868973
994,1,101250,5,3,3,ACO_Local,0.541993679,3.1968437
995,2,101250,5,3,3,ACO,1.004778393,5.1938425
996,2,101250,5,3,3,ACO_Local,1.093275424,6.7209321
997,3,101250,5,3,3,ACO,1.506453007,7.0627953
998,3,101250,5,3,3,ACO_Local,1.631950385,10.1553071
999,4,101250,5,3,3,ACO,2.00812762,8.8986334
1000,4,101250,5,3,3,ACO_Local,2.176669373,13.5108042
1001,5,101250,5,3,3,ACO,2.5112314,11.0086186
1002,5,101250,5,3,3,ACO_Local,2.727625145,16.9432545
1003,6,101250,5,3,3,ACO,3.012906014,13.7153571
1004,6,101250,5,3,3,ACO_Local,3.271867059,20.1469664
1005,7,101250,5,3,3,ACO,3.514580627,16.2242828
1006,7,101250,5,3,3,ACO_Local,3.80399194,22.9896852
1007,8,101250,5,3,3,ACO,4.016255241,18.8553472
1008,8,101250,5,3,3,ACO_Local,4.345394411,26.8153863
1009,1,240000,5,4,3,ACO,0.507244651,2.4144417
1010,1,240000,5,4,3,ACO_Local,0.53570476,4.4798672
1011,2,240000,5,4,3,ACO,1.022749941,5.6610423
1012,2,240000,5,4,3,ACO_Local,1.07156303,10.1425431
1013,3,240000,5,4,3,ACO,1.531899439,10.231632
1014,3,240000,5,4,3,ACO_Local,1.610411199,15.8979271
1015,4,240000,5,4,3,ACO,2.051648823,15.6014698
1016,4,240000,5,4,3,ACO_Local,2.142622809,19.7541018
1017,5,240000,5,4,3,ACO,2.569686668,19.5150745
1018,5,240000,5,4,3,ACO_Local,2.681050087,23.4488165
1019,6,240000,5,4,3,ACO,3.085191959,25.8800249
1020,6,240000,5,4,3,ACO_Local,3.216571966,28.2531829
1021,7,240000,5,4,3,ACO,3.603251332,28.5063259
1022,7,240000,5,4,3,ACO_Local,3.750325601,32.4145214
1023,8,240000,5,4,3,ACO,4.106535983,32.7085898
1024,8,240000,5,4,3,ACO_Local,4.289265493,38.9859197
1025,1,468750,5,5,3,ACO,0.535400444,6.1659416
1026,1,468750,5,5,3,ACO_Local,0.560104759,3.2265339
1027,2,468750,5,5,3,ACO,1.070672676,9.8442352
1028,2,468750,5,5,3,ACO_Local,1.140685827,6.7605369
1029,3,468750,5,5,3,ACO,1.601064867,12.2668991
1030,3,468750,5,5,3,ACO_Local,1.69624169,12.5425796
1031,4,468750,5,5,3,ACO,2.136465311,18.1274887
1032,4,468750,5,5,3,ACO_Local,2.25328726,18.2890594
1033,5,468750,5,5,3,ACO,2.671865755,22.0040205
1034,5,468750,5,5,3,ACO_Local,2.811215267,23.7582862
1035,6,468750,5,5,3,ACO,3.208632075,25.2767311
1036,6,468750,5,5,3,ACO_Local,3.381898954,27.8913902
1037,7,468750,5,5,3,ACO,3.745420623,30.2667642
1038,7,468750,5,5,3,ACO_Local,3.940352211,31.5758879
1039,8,468750,5,5,3,ACO,4.282762471,35.5930475
1040,8,468750,5,5,3,ACO_Local,4.514109274,34.9667029
1041,1,810000,5,6,3,ACO,0.5430933,4.1285788
1042,1,810000,5,6,3,ACO_Local,0.598647607,6.2177738
1043,2,810000,5,6,3,ACO,1.103885467,8.6291832
1044,2,810000,5,6,3,ACO_Local,1.198851453,11.3764204
1045,3,810000,5,6,3,ACO,1.654240706,12.581274
1046,3,810000,5,6,3,ACO_Local,1.796385478,17.3067327
1047,4,810000,5,6,3,ACO,2.204662425,16.4925904
1048,4,810000,5,6,3,ACO_Local,2.395098356,21.3428258
1049,5,810000,5,6,3,ACO,2.758366929,25.1912102
1050,5,810000,5,6,3,ACO_Local,2.994144792,27.0341177
1051,6,810000,5,6,3,ACO,3.328247787,28.7840014
1052,6,810000,5,6,3,ACO_Local,3.589836535,31.8762275
1053,7,810000,5,6,3,ACO,3.888640921,31.4804335
1054,7,810000,5,6,3,ACO_Local,4.185113246,38.0248897
1055,8,810000,5,6,3,ACO,4.465859844,34.2713859
1056,8,810000,5,6,3,ACO_Local,4.779923709,44.9590879
1057,1,7776,6,1,3,ACO,0.465193063,3.1068066
1058,1,7776,6,1,3,ACO_Local,0.484464605,5.0359439
1059,2,7776,6,1,3,ACO,0.929512721,5.8397633
1060,2,7776,6,1,3,ACO_Local,0.968841995,8.8134767
1061,3,7776,6,1,3,ACO,1.393516196,8.7237954
1062,3,7776,6,1,3,ACO_Local,1.452073966,13.5981784
1063,4,7776,6,1,3,ACO,1.857329658,11.0139509
1064,4,7776,6,1,3,ACO_Local,1.936289982,17.9658648
1065,5,7776,6,1,3,ACO,2.321186218,14.1985638
1066,5,7776,6,1,3,ACO_Local,2.42074709,21.7017606
1067,6,7776,6,1,3,ACO,2.785505876,17.4010364
1068,6,7776,6,1,3,ACO_Local,2.904915585,26.7489658
1069,7,7776,6,1,3,ACO,3.250015547,21.0126956
1070,7,7776,6,1,3,ACO_Local,3.388046504,30.1696296
1071,8,7776,6,1,3,ACO,3.71406212,23.3101953
1072,8,7776,6,1,3,ACO_Local,3.873530376,33.9264526
1073,1,62208,6,2,3,ACO,0.541678368,6.0719472
1074,1,62208,6,2,3,ACO_Local,0.564423019,3.7624237
1075,2,62208,6,2,3,ACO,1.082258847,10.981988
1076,2,62208,6,2,3,ACO_Local,1.126336949,7.2539362
1077,3,62208,6,2,3,ACO,1.629629765,14.3556549
1078,3,62208,6,2,3,ACO_Local,1.692193035,11.291133
1079,4,62208,6,2,3,ACO,2.171287748,20.7209782
1080,4,62208,6,2,3,ACO_Local,2.240878805,16.0243412
1081,5,62208,6,2,3,ACO,2.706217581,24.4125943
1082,5,62208,6,2,3,ACO_Local,2.79322623,20.8939385
1083,6,62208,6,2,3,ACO,3.24458353,29.1351262
1084,6,62208,6,2,3,ACO_Local,3.349382273,25.1166917
1085,7,62208,6,2,3,ACO,3.776839158,32.3246
1086,7,62208,6,2,3,ACO_Local,3.91171802,29.6086241
1087,8,62208,6,2,3,ACO,4.317396553,36.9227242
1088,8,62208,6,2,3,ACO_Local,4.466897222,35.1294274
1089,1,209952,6,3,3,ACO,0.555048204,3.9281609
1090,1,209952,6,3,3,ACO_Local,0.580133603,6.9645358
1091,2,209952,6,3,3,ACO,1.110096408,7.5442008
1092,2,209952,6,3,3,ACO_Local,1.154586246,11.8355302
1093,3,209952,6,3,3,ACO,1.664294334,10.312989
1094,3,209952,6,3,3,ACO_Local,1.735278533,16.7823808
1095,4,209952,6,3,3,ACO,2.219342538,14.9314523
1096,4,209952,6,3,3,ACO_Local,2.30965093,24.3513185
1097,5,209952,6,3,3,ACO,2.773540465,19.2673437
1098,5,209952,6,3,3,ACO_Local,2.886849225,28.7111292
1099,6,209952,6,3,3,ACO,3.328588669,25.6669448
1100,6,209952,6,3,3,ACO_Local,3.466892147,33.5524167
1101,7,209952,6,3,3,ACO,3.883636873,29.6734833
1102,7,209952,6,3,3,ACO_Local,4.037561616,39.5803317
1103,8,209952,6,3,3,ACO,4.4378348,32.2596547
1104,8,209952,6,3,3,ACO_Local,4.607994478,43.2571273
1105,1,497664,6,4,3,ACO,0.563929812,4.7893907
1106,1,497664,6,4,3,ACO_Local,0.57361211,3.3837077
1107,2,497664,6,4,3,ACO,1.122585698,7.0908725
1108,2,497664,6,4,3,ACO_Local,1.146404176,8.1545438
1109,3,497664,6,4,3,ACO,1.678803622,11.1834385
1110,3,497664,6,4,3,ACO_Local,1.723699243,11.738471
1111,4,497664,6,4,3,ACO,2.233048198,13.9626708
1112,4,497664,6,4,3,ACO_Local,2.297311353,15.1565694
1113,5,497664,6,4,3,ACO,2.791208062,17.7959513
1114,5,497664,6,4,3,ACO_Local,2.878481133,18.5544164
1115,6,497664,6,4,3,ACO,3.349844817,20.1669604
1116,6,497664,6,4,3,ACO_Local,3.451102077,22.213992
1117,7,497664,6,4,3,ACO,3.911711448,23.4460505
1118,7,497664,6,4,3,ACO_Local,4.029443122,26.5718261
1119,8,497664,6,4,3,ACO,4.46957581,26.1745209
1120,8,497664,6,4,3,ACO_Local,4.603055232,32.0668704
1121,1,972000,6,5,3,ACO,0.529380818,2.7151257
1122,1,972000,6,5,3,ACO_Local,0.55783194,5.3454246
1123,2,972000,6,5,3,ACO,1.06575224,6.8292051
1124,2,972000,6,5,3,ACO_Local,1.118226639,11.1036386
1125,3,972000,6,5,3,ACO,1.596607059,11.8642338
1126,3,972000,6,5,3,ACO_Local,1.67863175,15.6093096
1127,4,972000,6,5,3,ACO,2.129969217,15.1303811
1128,4,972000,6,5,3,ACO_Local,2.242207813,20.0596448
1129,5,972000,6,5,3,ACO,2.659350035,18.6754445
1130,5,972000,6,5,3,ACO_Local,2.805847325,25.6689499
1131,6,972000,6,5,3,ACO,3.195829441,23.3702986
1132,6,972000,6,5,3,ACO_Local,3.371979815,29.6743013
1133,7,972000,6,5,3,ACO,3.725210259,27.3607153
1134,7,972000,6,5,3,ACO_Local,3.931323306,35.6830344
1135,8,972000,6,5,3,ACO,4.253288474,29.9590524
1136,8,972000,6,5,3,ACO_Local,4.489191964,39.3347039
1137,1,1679616,6,6,3,ACO,0.571760957,3.31941
1138,1,1679616,6,6,3,ACO_Local,0.577757493,5.5982388
1139,2,1679616,6,6,3,ACO,1.143335366,7.8035445
1140,2,1679616,6,6,3,ACO_Local,1.162454901,15.3274101
1141,3,1679616,6,6,3,ACO,1.714909775,13.649468
1142,3,1679616,6,6,3,ACO_Local,1.744303753,20.1481853
1143,4,1679616,6,6,3,ACO,2.286484183,17.895803
1144,4,1679616,6,6,3,ACO_Local,2.324176019,26.2896213
1145,5,1679616,6,6,3,ACO,2.858058592,21.628714
1146,5,1679616,6,6,3,ACO_Local,2.906438898,32.7351837
1147,6,1679616,6,6,3,ACO,3.429633001,24.3113985
1148,6,1679616,6,6,3,ACO_Local,3.487597615,38.6283975
1149,7,1679616,6,6,3,ACO,4.001207409,31.6979654
1150,7,1679616,6,6,3,ACO_Local,4.069862273,43.9552855
1151,8,1679616,6,6,3,ACO,4.572781818,35.8550344
1152,8,1679616,6,6,3,ACO_Local,4.654456064,48.2334053
1153,1,24,1,1,4,ACO,0.423228622,1.9023468
1154,1,24,1,1,4,ACO_Local,0.470678314,3.5529528
1155,2,24,1,1,4,ACO,0.846457244,3.7449108
1156,2,24,1,1,4,ACO_Local,0.941163526,7.8139642
1157,3,24,1,1,4,ACO,1.269685866,5.6310768
1158,3,24,1,1,4,ACO_Local,1.411648738,11.074264
1159,4,24,1,1,4,ACO,1.692914488,7.6738115
1160,4,24,1,1,4,ACO_Local,1.882399109,14.5666082
1161,5,24,1,1,4,ACO,2.11614311,9.3981467
1162,5,24,1,1,4,ACO_Local,2.332193205,18.4373704
1163,6,24,1,1,4,ACO,2.545190228,12.6092648
1164,6,24,1,1,4,ACO_Local,2.802678417,21.6359152
1165,7,24,1,1,4,ACO,2.968418851,14.4173132
1166,7,24,1,1,4,ACO_Local,3.273443543,25.1838099
1167,8,24,1,1,4,ACO,3.40124853,16.2945463
1168,8,24,1,1,4,ACO_Local,3.744783081,28.6041855
1169,1,384,1,2,4,ACO,0.474718545,2.0909059
1170,1,384,1,2,4,ACO_Local,0.523306882,4.53611
1171,2,384,1,2,4,ACO,0.949437091,4.5236666
1172,2,384,1,2,4,ACO_Local,1.071144949,8.7472537
1173,3,384,1,2,4,ACO,1.424200667,6.6598055
1174,3,384,1,2,4,ACO_Local,1.619954973,12.8729549
1175,4,384,1,2,4,ACO,1.898964244,10.0428397
1176,4,384,1,2,4,ACO_Local,2.16378941,16.2844999
1177,5,384,1,2,4,ACO,2.373328862,12.1351286
1178,5,384,1,2,4,ACO_Local,2.691128238,20.916795
1179,6,384,1,2,4,ACO,2.84769348,14.9872981
1180,6,384,1,2,4,ACO_Local,3.235778895,24.6073723
1181,7,384,1,2,4,ACO,3.322412025,17.1520662
1182,7,384,1,2,4,ACO_Local,3.784531651,28.8551741
1183,8,384,1,2,4,ACO,3.796776643,19.7263789
1184,8,384,1,2,4,ACO_Local,4.329076198,32.4286956
1185,1,1944,1,3,4,ACO,0.489668782,2.4229824
1186,1,1944,1,3,4,ACO_Local,0.516368062,4.0235113
1187,2,1944,1,3,4,ACO,0.979337565,4.9912239
1188,2,1944,1,3,4,ACO_Local,1.040812606,7.5006309
1189,3,1944,1,3,4,ACO,1.469006347,7.3897269
1190,3,1944,1,3,4,ACO_Local,1.556500891,11.7080846
1191,4,1944,1,3,4,ACO,1.958675129,9.7593595
1192,4,1944,1,3,4,ACO_Local,2.076036043,15.447514
1193,5,1944,1,3,4,ACO,2.448343912,12.3925822
1194,5,1944,1,3,4,ACO_Local,2.589408063,19.6507786
1195,6,1944,1,3,4,ACO,2.938012694,14.8106451
1196,6,1944,1,3,4,ACO_Local,3.109718647,23.0521249
1197,7,1944,1,3,4,ACO,3.427681476,16.9030182
1198,7,1944,1,3,4,ACO_Local,3.634313552,26.5694105
1199,8,1944,1,3,4,ACO,3.917350259,19.4466665
1200,8,1944,1,3,4,ACO_Local,4.153582553,30.5470413
1201,1,6144,1,4,4,ACO,0.506357814,3.5939141
1202,1,6144,1,4,4,ACO_Local,0.534847011,4.9093463
1203,2,6144,1,4,4,ACO,1.012715627,7.5119666
1204,2,6144,1,4,4,ACO_Local,1.050985616,9.3196528
1205,3,6144,1,4,4,ACO,1.519073441,13.4129347
1206,3,6144,1,4,4,ACO_Local,1.579727682,13.3589279
1207,4,6144,1,4,4,ACO,2.025431255,17.6553073
1208,4,6144,1,4,4,ACO_Local,2.114218421,17.3049463
1209,5,6144,1,4,4,ACO,2.531789068,21.8343182
1210,5,6144,1,4,4,ACO_Local,2.637756308,21.8946042
1211,6,6144,1,4,4,ACO,3.038146882,25.3043742
1212,6,6144,1,4,4,ACO_Local,3.171317637,25.7045132
1213,7,6144,1,4,4,ACO,3.544504696,28.1393485
1214,7,6144,1,4,4,ACO_Local,3.695610727,29.7994269
1215,8,6144,1,4,4,ACO,4.050862509,31.4762897
1216,8,6144,1,4,4,ACO_Local,4.230476548,35.5143657
1217,1,15000,1,5,4,ACO,0.522331061,2.5193609
1218,1,15000,1,5,4,ACO_Local,0.57319203,7.0054801
1219,2,15000,1,5,4,ACO,1.050130479,6.4414477
1220,2,15000,1,5,4,ACO_Local,1.143917055,12.8753968
1221,3,15000,1,5,4,ACO,1.575489467,10.5909177
1222,3,15000,1,5,4,ACO_Local,1.714241692,17.1931681
1223,4,15000,1,5,4,ACO,2.097158037,12.9504299
1224,4,15000,1,5,4,ACO_Local,2.287695936,23.3190485
1225,5,15000,1,5,4,ACO,2.619489098,15.6954814
1226,5,15000,1,5,4,ACO_Local,2.85820744,29.8737828
1227,6,15000,1,5,4,ACO,3.141157668,18.1511304
1228,6,15000,1,5,4,ACO_Local,3.431253986,33.967305
1229,7,15000,1,5,4,ACO,3.666698964,21.5469179
1230,7,15000,1,5,4,ACO_Local,4.001331007,38.6609545
1231,8,15000,1,5,4,ACO,4.188367534,23.8102698
1232,8,15000,1,5,4,ACO_Local,4.573853588,43.1018775
1233,1,31104,1,6,4,ACO,0.574526549,4.2319302
1234,1,31104,1,6,4,ACO_Local,0.586641797,6.594863
1235,2,31104,1,6,4,ACO,1.145883009,7.8760306
1236,2,31104,1,6,4,ACO_Local,1.173185565,11.7973553
1237,3,31104,1,6,4,ACO,1.711618492,12.2148645
1238,3,31104,1,6,4,ACO_Local,1.759479735,17.8564782
1239,4,31104,1,6,4,ACO,2.286253158,15.1516939
1240,4,31104,1,6,4,ACO_Local,2.345616433,22.8741155
1241,5,31104,1,6,4,ACO,2.85193707,19.1865973
1242,5,31104,1,6,4,ACO_Local,2.932532372,27.7792483
1243,6,31104,1,6,4,ACO,3.426700018,23.082246
1244,6,31104,1,6,4,ACO_Local,3.518863882,32.5707524
1245,7,31104,1,6,4,ACO,3.992554365,30.7947618
1246,7,31104,1,6,4,ACO_Local,4.105670189,39.5785464
1247,8,31104,1,6,4,ACO,4.55829742,35.6085011
1248,8,31104,1,6,4,ACO_Local,4.691892985,45.0620147
1249,1,768,2,1,4,ACO,0.445713619,10.6193382
1250,1,768,2,1,4,ACO_Local,0.495351251,7.0416429
1251,2,768,2,1,4,ACO,0.887076226,14.6635957
1252,2,768,2,1,4,ACO_Local,1.006481708,14.0611934
1253,3,768,2,1,4,ACO,1.336526502,22.0040162
1254,3,768,2,1,4,ACO_Local,1.516936964,22.0062899
1255,4,768,2,1,4,ACO,1.780608405,32.2831713
1256,4,768,2,1,4,ACO_Local,2.023148905,28.0667752
1257,5,768,2,1,4,ACO,2.226322025,36.6819368
1258,5,768,2,1,4,ACO_Local,2.533326346,34.9177721
1259,6,768,2,1,4,ACO,2.669898511,45.9666421
1260,6,768,2,1,4,ACO_Local,3.03419703,43.1355613
1261,7,768,2,1,4,ACO,3.113474997,52.7626453
1262,7,768,2,1,4,ACO_Local,3.538924189,48.8920323
1263,8,768,2,1,4,ACO,3.554837603,59.6400165
1264,8,768,2,1,4,ACO_Local,4.043549528,55.7067466
1265,1,12288,2,2,4,ACO,0.514464064,8.6316609
1266,1,12288,2,2,4,ACO_Local,0.538563486,12.4405441
1267,2,12288,2,2,4,ACO,1.030433219,14.0821034
1268,2,12288,2,2,4,ACO_Local,1.086500967,24.7929212
1269,3,12288,2,2,4,ACO,1.546206194,23.7632548
1270,3,12288,2,2,4,ACO_Local,1.626422932,32.9389556
1271,4,12288,2,2,4,ACO,2.062080632,31.4707429
1272,4,12288,2,2,4,ACO_Local,2.173410028,40.8300111
1273,5,12288,2,2,4,ACO,2.580462566,37.0116308
1274,5,12288,2,2,4,ACO_Local,2.714838304,48.0939373
1275,6,12288,2,2,4,ACO,3.09633395,46.4007964
1276,6,12288,2,2,4,ACO_Local,3.258260504,60.2279235
1277,7,12288,2,2,4,ACO,3.610997801,54.5500932
1278,7,12288,2,2,4,ACO_Local,3.803923929,71.9781387
1279,8,12288,2,2,4,ACO,4.12942705,64.9238383
1280,8,12288,2,2,4,ACO_Local,4.345707582,84.0282099
1281,1,62208,2,3,4,ACO,0.529949252,8.6120864
1282,1,62208,2,3,4,ACO_Local,0.596004835,7.443083
1283,2,62208,2,3,4,ACO,1.067686225,19.9130906
1284,2,62208,2,3,4,ACO_Local,1.191743333,15.6771338
1285,3,62208,2,3,4,ACO,1.597745785,25.3081798
1286,3,62208,2,3,4,ACO_Local,1.787463363,22.5172162
1287,4,62208,2,3,4,ACO,2.135498742,37.9141446
1288,4,62208,2,3,4,ACO_Local,2.383036261,28.6710604
1289,5,62208,2,3,4,ACO,2.673529243,51.5239402
1290,5,62208,2,3,4,ACO_Local,2.978294995,37.5418722
1291,6,62208,2,3,4,ACO,3.203508692,57.3069395
1292,6,62208,2,3,4,ACO_Local,3.573063944,45.0581473
1293,7,62208,2,3,4,ACO,3.733389614,64.0288671
1294,7,62208,2,3,4,ACO_Local,4.168826984,51.6534529
1295,8,62208,2,3,4,ACO,4.272969379,76.3508364
1296,8,62208,2,3,4,ACO_Local,4.764850492,58.155454
1297,1,196608,2,4,4,ACO,0.600538596,8.8339882
1298,1,196608,2,4,4,ACO_Local,0.62663916,10.3601352
1299,2,196608,2,4,4,ACO,1.20104669,20.7757235
1300,2,196608,2,4,4,ACO_Local,1.244952725,17.9717786
1301,3,196608,2,4,4,ACO,1.801543655,29.1565455
1302,3,196608,2,4,4,ACO_Local,1.866292,27.8068633
1303,4,196608,2,4,4,ACO,2.401975526,36.4602408
1304,4,196608,2,4,4,ACO_Local,2.492812764,40.0497704
1305,5,196608,2,4,4,ACO,3.002514122,45.9250741
1306,5,196608,2,4,4,ACO_Local,3.110641949,50.7958281
1307,6,196608,2,4,4,ACO,3.602664257,51.637666
1308,6,196608,2,4,4,ACO_Local,3.731465012,62.2573481
1309,7,196608,2,4,4,ACO,4.203042303,57.4121695
1310,7,196608,2,4,4,ACO_Local,4.347638887,71.697456
1311,8,196608,2,4,4,ACO,4.803580899,70.4045734
1312,8,196608,2,4,4,ACO_Local,4.974516467,81.9155146
1313,1,480000,2,5,4,ACO,0.565505899,8.5478237
1314,1,480000,2,5,4,ACO_Local,0.591723776,11.4164683
1315,2,480000,2,5,4,ACO,1.132813236,17.754913
1316,2,480000,2,5,4,ACO_Local,1.187172584,23.3421853
1317,3,480000,2,5,4,ACO,1.698319135,24.7695829
1318,3,480000,2,5,4,ACO_Local,1.778807476,30.9081429
1319,4,480000,2,5,4,ACO,2.263846246,32.8044367
1320,4,480000,2,5,4,ACO_Local,2.369937991,39.6274705
1321,5,480000,2,5,4,ACO,2.829352146,41.4156644
1322,5,480000,2,5,4,ACO_Local,2.966323925,48.8665259
1323,6,480000,2,5,4,ACO,3.394879257,50.3112533
1324,6,480000,2,5,4,ACO_Local,3.562206746,58.5081537
1325,7,480000,2,5,4,ACO,3.960406368,58.6573626
1326,7,480000,2,5,4,ACO_Local,4.152882729,69.0386826
1327,8,480000,2,5,4,ACO,4.525563642,64.3860002
1328,8,480000,2,5,4,ACO_Local,4.753252572,76.6891175
1329,1,995328,2,6,4,ACO,0.531764826,12.3284822
1330,1,995328,2,6,4,ACO_Local,0.56827001,12.1613967
1331,2,995328,2,6,4,ACO,1.069811164,27.0474882
1332,2,995328,2,6,4,ACO_Local,1.140398531,22.588877
1333,3,995328,2,6,4,ACO,1.607026876,39.4616558
1334,3,995328,2,6,4,ACO_Local,1.714682506,32.0554678
1335,4,995328,2,6,4,ACO,2.141366065,57.6285886
1336,4,995328,2,6,4,ACO_Local,2.289772354,42.2574029
1337,5,995328,2,6,4,ACO,2.677973043,71.2979356
1338,5,995328,2,6,4,ACO_Local,2.871042567,54.3840701
1339,6,995328,2,6,4,ACO,3.208581191,80.2766394
1340,6,995328,2,6,4,ACO_Local,3.452830352,63.0181014
1341,7,995328,2,6,4,ACO,3.745773061,92.1869205
1342,7,995328,2,6,4,ACO_Local,4.026846514,71.5199139
1343,8,995328,2,6,4,ACO,4.283873988,100.0536287
1344,8,995328,2,6,4,ACO_Local,4.595286198,80.4618403
1345,1,5832,3,1,4,ACO,0.435210514,5.7237023
1346,1,5832,3,1,4,ACO_Local,0.467128765,12.6319295
1347,2,5832,3,1,4,ACO,0.875196577,15.3994758
1348,2,5832,3,1,4,ACO_Local,0.932590589,28.934063
1349,3,5832,3,1,4,ACO,1.315182641,23.6800634
1350,3,5832,3,1,4,ACO_Local,1.402739345,39.6015473
1351,4,5832,3,1,4,ACO,1.755168704,32.0484763
1352,4,5832,3,1,4,ACO_Local,1.868244986,52.1402992
1353,5,5832,3,1,4,ACO,2.187427931,38.6166383
1354,5,5832,3,1,4,ACO_Local,2.334123504,66.8986351
1355,6,5832,3,1,4,ACO,2.627413995,49.6862647
1356,6,5832,3,1,4,ACO_Local,2.809396479,79.9214865
1357,7,5832,3,1,4,ACO,3.067400058,57.5820191
1358,7,5832,3,1,4,ACO_Local,3.275153752,91.7813555
1359,8,5832,3,1,4,ACO,3.507386121,64.5800365
1360,8,5832,3,1,4,ACO_Local,3.750630712,104.5324195
1361,1,93312,3,2,4,ACO,0.556842057,13.9442048
1362,1,93312,3,2,4,ACO_Local,0.575090029,13.5694351
1363,2,93312,3,2,4,ACO,1.11355553,33.2388915
1364,2,93312,3,2,4,ACO_Local,1.149420359,26.7875005
1365,3,93312,3,2,4,ACO,1.669453052,45.8747569
1366,3,93312,3,2,4,ACO_Local,1.72369596,40.0389308
1367,4,93312,3,2,4,ACO,2.225326754,62.849033
1368,4,93312,3,2,4,ACO_Local,2.298129629,52.1037947
1369,5,93312,3,2,4,ACO,2.783398435,81.7690453
1370,5,93312,3,2,4,ACO_Local,2.869770744,70.9983333
1371,6,93312,3,2,4,ACO,3.33938962,98.9863038
1372,6,93312,3,2,4,ACO_Local,3.44926454,84.1543183
1373,7,93312,3,2,4,ACO,3.896214152,118.9643636
1374,7,93312,3,2,4,ACO_Local,4.024026276,96.8261418
1375,8,93312,3,2,4,ACO,4.453091683,136.8218849
1376,8,93312,3,2,4,ACO_Local,4.59601321,109.7688418
1377,1,472392,3,3,4,ACO,0.586554119,20.2308042
1378,1,472392,3,3,4,ACO_Local,0.645971567,11.8521212
1379,2,472392,3,3,4,ACO,1.171443372,32.0322909
1380,2,472392,3,3,4,ACO_Local,1.292499683,24.6432921
1381,3,472392,3,3,4,ACO,1.749501007,49.5309278
1382,3,472392,3,3,4,ACO_Local,1.934875541,34.8270036
1383,4,472392,3,3,4,ACO,2.320522134,65.9038288
1384,4,472392,3,3,4,ACO_Local,2.578815823,44.5334137
1385,5,472392,3,3,4,ACO,2.903562795,94.6168137
1386,5,472392,3,3,4,ACO_Local,3.227259952,57.084322
1387,6,472392,3,3,4,ACO,3.476927355,119.3887343
1388,6,472392,3,3,4,ACO_Local,3.876923236,67.0847975
1389,7,472392,3,3,4,ACO,4.063720716,135.5456263
1390,7,472392,3,3,4,ACO_Local,4.521475388,77.4540058
1391,8,472392,3,3,4,ACO,4.641880699,153.8820018
1392,8,472392,3,3,4,ACO_Local,5.173264477,91.5761606
1393,1,1492992,3,4,4,ACO,0.572070509,16.9129572
1394,1,1492992,3,4,4,ACO_Local,0.594413169,11.3247913
1395,2,1492992,3,4,4,ACO,1.142336689,35.228075
1396,2,1492992,3,4,4,ACO_Local,1.191024588,22.760318
1397,3,1492992,3,4,4,ACO,1.713409107,50.8151346
1398,3,1492992,3,4,4,ACO_Local,1.779943862,33.8397039
1399,4,1492992,3,4,4,ACO,2.287061167,76.461557
1400,4,1492992,3,4,4,ACO_Local,2.372276401,44.0364573
1401,5,1492992,3,4,4,ACO,2.858945943,95.3506082
1402,5,1492992,3,4,4,ACO_Local,2.958175428,53.7336262
1403,6,1492992,3,4,4,ACO,3.431666769,110.1799091
1404,6,1492992,3,4,4,ACO_Local,3.551922464,68.2827059
1405,7,1492992,3,4,4,ACO,4.001822313,125.4530781
1406,7,1492992,3,4,4,ACO_Local,4.139431846,80.1656466
1407,8,1492992,3,4,4,ACO,4.574833951,140.4462504
1408,8,1492992,3,4,4,ACO_Local,4.730297828,100.9852419
1409,1,3645000,3,5,4,ACO,0.561335303,19.4315108
1410,1,3645000,3,5,4,ACO_Local,0.618151105,11.5199724
1411,2,3645000,3,5,4,ACO,1.126318844,41.2075264
1412,2,3645000,3,5,4,ACO_Local,1.235804644,25.3408109
1413,3,3645000,3,5,4,ACO,1.691263033,70.3270688
1414,3,3645000,3,5,4,ACO_Local,1.85780441,36.8280432
1415,4,3645000,3,5,4,ACO,2.25564393,95.1100022
1416,4,3645000,3,5,4,ACO_Local,2.48042464,48.5269295
1417,5,3645000,3,5,4,ACO,2.820618701,113.5339045
1418,5,3645000,3,5,4,ACO_Local,3.103486965,61.5505498
1419,6,3645000,3,5,4,ACO,3.385699789,137.4277815
1420,6,3645000,3,5,4,ACO_Local,3.723274098,72.5044889
1421,7,3645000,3,5,4,ACO,3.950480145,160.2931148
1422,7,3645000,3,5,4,ACO_Local,4.345317082,88.5613975
1423,8,3645000,3,5,4,ACO,4.515167989,179.7479145
1424,8,3645000,3,5,4,ACO_Local,4.965711785,99.8029456
1425,1,7558272,3,6,4,ACO,0.6154368,14.5317045
1426,1,7558272,3,6,4,ACO_Local,0.663215983,20.9315088
1427,2,7558272,3,6,4,ACO,1.231339208,33.2262349
1428,2,7558272,3,6,4,ACO_Local,1.328844934,37.6834221
1429,3,7558272,3,6,4,ACO,1.846957097,49.6693337
1430,3,7558272,3,6,4,ACO_Local,1.995493035,47.6535604
1431,4,7558272,3,6,4,ACO,2.46037114,59.8246943
1432,4,7558272,3,6,4,ACO_Local,2.647668789,58.285495
1433,5,7558272,3,6,4,ACO,3.073508709,68.0520856
1434,5,7558272,3,6,4,ACO_Local,3.312814862,71.799117
1435,6,7558272,3,6,4,ACO,3.688477612,85.8123874
1436,6,7558272,3,6,4,ACO_Local,3.976602174,82.6270922
1437,7,7558272,3,6,4,ACO,4.304236591,104.0920214
1438,7,7558272,3,6,4,ACO_Local,4.641120707,95.6043681
1439,8,7558272,3,6,4,ACO,4.919067468,115.5052872
1440,8,7558272,3,6,4,ACO_Local,5.305339098,107.8033752
1441,1,24576,4,1,4,ACO,0.505154666,8.5971329
1442,1,24576,4,1,4,ACO_Local,0.543882395,12.5374421
1443,2,24576,4,1,4,ACO,1.010309332,23.0000302
1444,2,24576,4,1,4,ACO_Local,1.076877812,28.8054629
1445,3,24576,4,1,4,ACO,1.515325455,31.4248921
1446,3,24576,4,1,4,ACO_Local,1.614273668,43.6382516
1447,4,24576,4,1,4,ACO,2.024050546,42.324168
1448,4,24576,4,1,4,ACO_Local,2.150103124,56.7611813
1449,5,24576,4,1,4,ACO,2.529086803,54.2096758
1450,5,24576,4,1,4,ACO_Local,2.682618763,75.3659351
1451,6,24576,4,1,4,ACO,3.037176514,62.8247693
1452,6,24576,4,1,4,ACO_Local,3.208001296,88.7397987
1453,7,24576,4,1,4,ACO,3.537458477,70.0610301
1454,7,24576,4,1,4,ACO_Local,3.75041226,107.1559553
1455,8,24576,4,1,4,ACO,4.040261184,79.9014521
1456,8,24576,4,1,4,ACO_Local,4.290045955,121.8860935
1457,1,393216,4,2,4,ACO,0.543762469,37.028323
1458,1,393216,4,2,4,ACO_Local,0.555274668,24.7670079
1459,2,393216,4,2,4,ACO,1.08551113,69.5842701
1460,2,393216,4,2,4,ACO_Local,1.111898564,55.0494365
1461,3,393216,4,2,4,ACO,1.61891101,85.9159553
1462,3,393216,4,2,4,ACO_Local,1.675136987,81.4258069
1463,4,393216,4,2,4,ACO,2.162311499,114.7865917
1464,4,393216,4,2,4,ACO_Local,2.234666474,108.4453322
1465,5,393216,4,2,4,ACO,2.705872559,150.6745186
1466,5,393216,4,2,4,ACO_Local,2.793916014,130.9482433
1467,6,393216,4,2,4,ACO,3.246859246,179.8973094
1468,6,393216,4,2,4,ACO_Local,3.362228847,150.2536175
1469,7,393216,4,2,4,ACO,3.787931546,213.3991304
1470,7,393216,4,2,4,ACO_Local,3.923857688,175.5671282
1471,8,393216,4,2,4,ACO,4.3285459,234.9127982
1472,8,393216,4,2,4,ACO_Local,4.483457575,199.0834071
1473,1,1990656,4,3,4,ACO,0.575120061,11.259814
1474,1,1990656,4,3,4,ACO_Local,0.611468392,18.2437474
1475,2,1990656,4,3,4,ACO,1.153049313,27.2806179
1476,2,1990656,4,3,4,ACO_Local,1.224419764,33.5703613
1477,3,1990656,4,3,4,ACO,1.732566077,51.0656895
1478,3,1990656,4,3,4,ACO_Local,1.836763248,49.963276
1479,4,1990656,4,3,4,ACO,2.313051933,72.291629
1480,4,1990656,4,3,4,ACO_Local,2.448745693,64.6103339
1481,5,1990656,4,3,4,ACO,2.892471385,90.3082105
1482,5,1990656,4,3,4,ACO_Local,3.059319119,87.6458822
1483,6,1990656,4,3,4,ACO,3.47210054,107.7803927
1484,6,1990656,4,3,4,ACO_Local,3.672014151,107.6716351
1485,7,1990656,4,3,4,ACO,4.051820776,138.704775
1486,7,1990656,4,3,4,ACO_Local,4.282191028,126.7985884
1487,8,1990656,4,3,4,ACO,4.629763982,154.0724644
1488,8,1990656,4,3,4,ACO_Local,4.897696158,144.4316481
1489,1,6291456,4,4,4,ACO,0.549799709,25.1807073
1490,1,6291456,4,4,4,ACO_Local,0.577015796,11.0288511
1491,2,6291456,4,4,4,ACO,1.103570111,65.8266405
1492,2,6291456,4,4,4,ACO_Local,1.150230045,23.1974384
1493,3,6291456,4,4,4,ACO,1.658605976,88.2170958
1494,3,6291456,4,4,4,ACO_Local,1.724614044,41.7077031
1495,4,6291456,4,4,4,ACO,2.211887156,110.3608162
1496,4,6291456,4,4,4,ACO_Local,2.295694152,63.489883
1497,5,6291456,4,4,4,ACO,2.766911728,134.711106
1498,5,6291456,4,4,4,ACO_Local,2.874218828,79.4302678
1499,6,6291456,4,4,4,ACO,3.321808379,157.9524894
1500,6,6291456,4,4,4,ACO_Local,3.445521564,96.3230103
1501,7,6291456,4,4,4,ACO,3.874968382,178.395616
1502,7,6291456,4,4,4,ACO_Local,4.025668773,112.2181168
1503,8,6291456,4,4,4,ACO,4.423359795,199.6910554
1504,8,6291456,4,4,4,ACO_Local,4.597279869,127.7501095
1505,1,15360000,4,5,4,ACO,0.625934065,48.8406495
1506,1,15360000,4,5,4,ACO_Local,0.647039031,14.9423237
1507,2,15360000,4,5,4,ACO,1.255206979,86.6132872
1508,2,15360000,4,5,4,ACO_Local,1.29547939,36.2845235
1509,3,15360000,4,5,4,ACO,1.880249699,118.002936
1510,3,15360000,4,5,4,ACO_Local,1.94401296,55.1854279
1511,4,15360000,4,5,4,ACO,2.507968187,178.9288894
1512,4,15360000,4,5,4,ACO_Local,2.587383291,74.1913818
1513,5,15360000,4,5,4,ACO,3.135405466,206.5965426
1514,5,15360000,4,5,4,ACO_Local,3.227901409,98.7755826
1515,6,15360000,4,5,4,ACO,3.762533075,238.0734954
1516,6,15360000,4,5,4,ACO_Local,3.868064692,117.7397015
1517,7,15360000,4,5,4,ACO,4.387148729,276.0850834
1518,7,15360000,4,5,4,ACO_Local,4.508377874,135.8965015
1519,8,15360000,4,5,4,ACO,5.014346613,312.9444068
1520,8,15360000,4,5,4,ACO_Local,5.155293829,154.2890373
1521,1,31850496,4,6,4,ACO,0.579530683,42.0523612
1522,1,31850496,4,6,4,ACO_Local,0.604718655,36.1839039
1523,2,31850496,4,6,4,ACO,1.161198564,71.9310495
1524,2,31850496,4,6,4,ACO_Local,1.211584674,61.5082098
1525,3,31850496,4,6,4,ACO,1.746430996,103.7639879
1526,3,31850496,4,6,4,ACO_Local,1.816864929,82.2957762
1527,4,31850496,4,6,4,ACO,2.325757545,138.0765014
1528,4,31850496,4,6,4,ACO_Local,2.422688752,120.1674206
1529,5,31850496,4,6,4,ACO,2.90108145,164.9883322
1530,5,31850496,4,6,4,ACO_Local,3.027235188,145.5614283
1531,6,31850496,4,6,4,ACO,3.479732633,189.4420136
1532,6,31850496,4,6,4,ACO_Local,3.632556329,171.4963501
1533,7,31850496,4,6,4,ACO,4.061372991,221.2566445
1534,7,31850496,4,6,4,ACO_Local,4.240153057,194.0693277
1535,8,31850496,4,6,4,ACO,4.635574271,246.5092388
1536,8,31850496,4,6,4,ACO_Local,4.844885529,233.6100061
1537,1,75000,5,1,4,ACO,0.552693844,17.6468616
1538,1,75000,5,1,4,ACO_Local,0.567858983,30.2850816
1539,2,75000,5,1,4,ACO,1.105341852,35.6199352
1540,2,75000,5,1,4,ACO_Local,1.135388695,60.3256366
1541,3,75000,5,1,4,ACO,1.658191186,58.0936094
1542,3,75000,5,1,4,ACO_Local,1.703123208,90.542742
1543,4,75000,5,1,4,ACO,2.213342455,79.2158271
1544,4,75000,5,1,4,ACO_Local,2.270880652,114.9367215
1545,5,75000,5,1,4,ACO,2.770574504,90.6075055
1546,5,75000,5,1,4,ACO_Local,2.838646348,137.2955922
1547,6,75000,5,1,4,ACO,3.32557532,119.4361008
1548,6,75000,5,1,4,ACO_Local,3.406858485,158.2770688
1549,7,75000,5,1,4,ACO,3.884257125,143.7855593
1550,7,75000,5,1,4,ACO_Local,3.972565011,182.9343459
1551,8,75000,5,1,4,ACO,4.434257862,163.5793948
1552,8,75000,5,1,4,ACO_Local,4.540295571,207.435088
1553,1,1200000,5,2,4,ACO,0.516131834,27.208832
1554,1,1200000,5,2,4,ACO_Local,0.532519469,17.8518175
1555,2,1200000,5,2,4,ACO,1.032145203,43.2882102
1556,2,1200000,5,2,4,ACO_Local,1.067093371,41.3919532
1557,3,1200000,5,2,4,ACO,1.546330227,61.2936048
1558,3,1200000,5,2,4,ACO_Local,1.604090419,74.9858468
1559,4,1200000,5,2,4,ACO,2.060523732,75.5633322
1560,4,1200000,5,2,4,ACO_Local,2.136436422,98.1998916
1561,5,1200000,5,2,4,ACO,2.576650481,93.8717143
1562,5,1200000,5,2,4,ACO_Local,2.671725336,118.6042801
1563,6,1200000,5,2,4,ACO,3.092841012,111.9564747
1564,6,1200000,5,2,4,ACO_Local,3.200845762,140.6069211
1565,7,1200000,5,2,4,ACO,3.608834249,131.7882995
1566,7,1200000,5,2,4,ACO_Local,3.732048038,157.9925365
1567,8,1200000,5,2,4,ACO,4.125031135,153.8089131
1568,8,1200000,5,2,4,ACO_Local,4.269503965,180.8026174
1569,1,6075000,5,3,4,ACO,0.592115257,33.6724371
1570,1,6075000,5,3,4,ACO_Local,0.620915873,24.635153
1571,2,6075000,5,3,4,ACO,1.187596616,63.9382748
1572,2,6075000,5,3,4,ACO_Local,1.245556199,52.438547
1573,3,6075000,5,3,4,ACO,1.783385129,115.1666637
1574,3,6075000,5,3,4,ACO_Local,1.865128914,73.0861668
1575,4,6075000,5,3,4,ACO,2.371478501,153.3812726
1576,4,6075000,5,3,4,ACO_Local,2.491219639,98.1275245
1577,5,6075000,5,3,4,ACO,2.969070522,206.7033677
1578,5,6075000,5,3,4,ACO_Local,3.117986427,124.9567117
1579,6,6075000,5,3,4,ACO,3.559616893,247.1815731
1580,6,6075000,5,3,4,ACO_Local,3.74502948,155.0693953
1581,7,6075000,5,3,4,ACO,4.143028637,270.8384058
1582,7,6075000,5,3,4,ACO_Local,4.364968665,180.0602683
1583,8,6075000,5,3,4,ACO,4.737723081,303.1577777
1584,8,6075000,5,3,4,ACO_Local,4.993862851,209.2547335
1585,1,19200000,5,4,4,ACO,0.62725424,22.4626857
1586,1,19200000,5,4,4,ACO_Local,0.652905906,36.6982025
1587,2,19200000,5,4,4,ACO,1.25824137,58.9961431
1588,2,19200000,5,4,4,ACO_Local,1.305822826,56.4397512
1589,3,19200000,5,4,4,ACO,1.891544286,93.2190964
1590,3,19200000,5,4,4,ACO_Local,1.960055984,88.080185
1591,4,19200000,5,4,4,ACO,2.520329659,120.1153823
1592,4,19200000,5,4,4,ACO_Local,2.613467134,122.587948
1593,5,19200000,5,4,4,ACO,3.153218263,146.8681462
1594,5,19200000,5,4,4,ACO_Local,3.269101255,148.6886921
1595,6,19200000,5,4,4,ACO,3.777639943,178.1754024
1596,6,19200000,5,4,4,ACO_Local,3.920561798,165.4306864
1597,7,19200000,5,4,4,ACO,4.405945962,213.4699536
1598,7,19200000,5,4,4,ACO_Local,4.574029652,186.0473387
1599,8,19200000,5,4,4,ACO,5.037691999,240.4207739
1600,8,19200000,5,4,4,ACO_Local,5.226766162,215.9920866
1601,1,46875000,5,5,4,ACO,0.594049566,62.3874713
1602,1,46875000,5,5,4,ACO_Local,0.606067567,19.4630004
1603,2,46875000,5,5,4,ACO,1.179503512,102.1302798
1604,2,46875000,5,5,4,ACO_Local,1.207813792,36.8275522
1605,3,46875000,5,5,4,ACO,1.773594155,144.4599068
1606,3,46875000,5,5,4,ACO_Local,1.80983415,60.3619008
1607,4,46875000,5,5,4,ACO,2.369692897,193.4608672
1608,4,46875000,5,5,4,ACO_Local,2.410967268,84.5317911
1609,5,46875000,5,5,4,ACO,2.958729291,233.9731298
1610,5,46875000,5,5,4,ACO_Local,3.016530095,109.6556501
1611,6,46875000,5,5,4,ACO,3.557338491,301.4176244
1612,6,46875000,5,5,4,ACO_Local,3.623532509,133.1663539
1613,7,46875000,5,5,4,ACO,4.141068403,351.349749
1614,7,46875000,5,5,4,ACO_Local,4.225278228,167.0021275
1615,8,46875000,5,5,4,ACO,4.736948047,421.6917996
1616,8,46875000,5,5,4,ACO_Local,4.827502244,190.7253945
1617,1,97200000,5,6,4,ACO,0.606699435,32.2308051
1618,1,97200000,5,6,4,ACO_Local,0.646388589,23.5274966
1619,2,97200000,5,6,4,ACO,1.219095432,90.1901242
1620,2,97200000,5,6,4,ACO_Local,1.292526303,41.4144366
1621,3,97200000,5,6,4,ACO,1.826185947,146.8627969
1622,3,97200000,5,6,4,ACO_Local,1.94082759,59.7286867
1623,4,97200000,5,6,4,ACO,2.431561913,197.7196678
1624,4,97200000,5,6,4,ACO_Local,2.575574885,80.3156407
1625,5,97200000,5,6,4,ACO,3.043932036,240.4024921
1626,5,97200000,5,6,4,ACO_Local,3.214416449,100.7139897
1627,6,97200000,5,6,4,ACO,3.649483689,278.4233422
1628,6,97200000,5,6,4,ACO_Local,3.868277001,117.091879
1629,7,97200000,5,6,4,ACO,4.256789104,341.7409206
1630,7,97200000,5,6,4,ACO_Local,4.500907524,137.5178288
1631,8,97200000,5,6,4,ACO,4.867744691,401.2314799
1632,8,97200000,5,6,4,ACO_Local,5.146496343,160.488307
1633,1,186624,6,1,4,ACO,0.472474688,26.9537787
1634,1,186624,6,1,4,ACO_Local,0.505377977,39.9032905
1635,2,186624,6,1,4,ACO,0.948978367,52.0057879
1636,2,186624,6,1,4,ACO_Local,1.017615868,68.6245412
1637,3,186624,6,1,4,ACO,1.420757716,86.1717662
1638,3,186624,6,1,4,ACO_Local,1.521057811,93.4125374
1639,4,186624,6,1,4,ACO,1.896254269,123.7299579
1640,4,186624,6,1,4,ACO_Local,2.031751119,125.4303902
1641,5,186624,6,1,4,ACO,2.370264202,153.9747218
1642,5,186624,6,1,4,ACO_Local,2.538201724,163.2769962
1643,6,186624,6,1,4,ACO,2.843486635,190.3901779
1644,6,186624,6,1,4,ACO_Local,3.04839405,200.6104334
1645,7,186624,6,1,4,ACO,3.32223338,224.1662504
1646,7,186624,6,1,4,ACO_Local,3.559994531,227.5663088
1647,8,186624,6,1,4,ACO,3.798953916,265.8086219
1648,8,186624,6,1,4,ACO_Local,4.067256379,256.3319543
1649,1,2985984,6,2,4,ACO,0.580093712,29.6582705
1650,1,2985984,6,2,4,ACO_Local,0.611292912,24.4625976
1651,2,2985984,6,2,4,ACO,1.159323804,81.9083024
1652,2,2985984,6,2,4,ACO_Local,1.222738052,49.9008385
1653,3,2985984,6,2,4,ACO,1.738601732,136.7527488
1654,3,2985984,6,2,4,ACO_Local,1.827835285,71.2406752
1655,4,2985984,6,2,4,ACO,2.319734352,174.7517464
1656,4,2985984,6,2,4,ACO_Local,2.435754283,94.4811007
1657,5,2985984,6,2,4,ACO,2.897907822,210.8292204
1658,5,2985984,6,2,4,ACO_Local,3.046507108,116.3705611
1659,6,2985984,6,2,4,ACO,3.477351982,250.0628479
1660,6,2985984,6,2,4,ACO_Local,3.662790028,144.0153483
1661,7,2985984,6,2,4,ACO,4.058350407,291.9934484
1662,7,2985984,6,2,4,ACO_Local,4.272672545,168.9723796
1663,8,2985984,6,2,4,ACO,4.639527617,323.6461532
1664,8,2985984,6,2,4,ACO_Local,4.887921756,195.9854006
1665,1,15116544,6,3,4,ACO,0.621609576,37.0127148
1666,1,15116544,6,3,4,ACO_Local,0.649031532,23.9495618
1667,2,15116544,6,3,4,ACO,1.24203221,66.0515383
1668,2,15116544,6,3,4,ACO_Local,1.300948772,50.4841712
1669,3,15116544,6,3,4,ACO,1.864611269,108.7589567
1670,3,15116544,6,3,4,ACO_Local,1.951660535,75.7174129
1671,4,15116544,6,3,4,ACO,2.486354862,145.7914277
1672,4,15116544,6,3,4,ACO_Local,2.602835184,101.048809
1673,5,15116544,6,3,4,ACO,3.107098772,180.6987085
1674,5,15116544,6,3,4,ACO_Local,3.248670665,125.5014141
1675,6,15116544,6,3,4,ACO,3.729255366,206.3513521
1676,6,15116544,6,3,4,ACO_Local,3.897109023,150.2166745
1677,7,15116544,6,3,4,ACO,4.361015408,231.8708451
1678,7,15116544,6,3,4,ACO_Local,4.545872094,177.3965796
1679,8,15116544,6,3,4,ACO,4.984338091,273.6649757
1680,8,15116544,6,3,4,ACO_Local,5.193211275,211.5343033
1681,1,47775744,6,4,4,ACO,0.652144604,42.4390144
1682,1,47775744,6,4,4,ACO_Local,0.664742781,20.0149868
1683,2,47775744,6,4,4,ACO,1.301469619,80.2787915
1684,2,47775744,6,4,4,ACO_Local,1.333720099,48.7298469
1685,3,47775744,6,4,4,ACO,1.952177773,123.7690891
1686,3,47775744,6,4,4,ACO_Local,1.998264967,71.5618517
1687,4,47775744,6,4,4,ACO,2.60570491,167.5893165
1688,4,47775744,6,4,4,ACO_Local,2.664168914,95.4381521
1689,5,47775744,6,4,4,ACO,3.256935882,207.5813197
1690,5,47775744,6,4,4,ACO_Local,3.328244999,119.176222
1691,6,47775744,6,4,4,ACO,3.908799747,239.3562068
1692,6,47775744,6,4,4,ACO_Local,3.993277335,148.2317494
1693,7,47775744,6,4,4,ACO,4.55590761,277.838278
1694,7,47775744,6,4,4,ACO_Local,4.661360651,170.3999309
1695,8,47775744,6,4,4,ACO,5.202385294,329.2617065
1696,8,47775744,6,4,4,ACO_Local,5.326465453,197.1412966
1697,1,116640000,6,5,4,ACO,0.598669073,45.6969726
1698,1,116640000,6,5,4,ACO_Local,0.619744132,43.1220073
1699,2,116640000,6,5,4,ACO,1.200895915,116.3393843
1700,2,116640000,6,5,4,ACO_Local,1.244851668,79.9479654
1701,3,116640000,6,5,4,ACO,1.802641941,160.4745358
1702,3,116640000,6,5,4,ACO_Local,1.869132781,114.6438043
1703,4,116640000,6,5,4,ACO,2.403992847,210.101642
1704,4,116640000,6,5,4,ACO_Local,2.493526316,162.3759382
1705,5,116640000,6,5,4,ACO,3.006057745,272.5068498
1706,5,116640000,6,5,4,ACO_Local,3.116749243,192.8115303
1707,6,116640000,6,5,4,ACO,3.608058759,339.5651675
1708,6,116640000,6,5,4,ACO_Local,3.737181889,235.3112807
1709,7,116640000,6,5,4,ACO,4.207432606,397.1221409
1710,7,116640000,6,5,4,ACO_Local,4.357480406,268.5257544
1711,8,116640000,6,5,4,ACO,4.808702121,433.1357901
1712,8,116640000,6,5,4,ACO_Local,4.981045043,301.587606
1713,1,241864704,6,6,4,ACO,0.618781564,67.8451922
1714,1,241864704,6,6,4,ACO_Local,0.646086075,26.3477792
1715,2,241864704,6,6,4,ACO,1.236955882,116.6724922
1716,2,241864704,6,6,4,ACO_Local,1.290054385,53.8379074
1717,3,241864704,6,6,4,ACO,1.854941027,160.8299867
1718,3,241864704,6,6,4,ACO_Local,1.934821142,83.8315343
1719,4,241864704,6,6,4,ACO,2.471673368,200.8435863
1720,4,241864704,6,6,4,ACO_Local,2.576839121,113.026029
1721,5,241864704,6,6,4,ACO,3.090194775,254.3558784
1722,5,241864704,6,6,4,ACO_Local,3.222757999,138.5425085
1723,6,241864704,6,6,4,ACO,3.71152706,314.207843
1724,6,241864704,6,6,4,ACO_Local,3.868645053,169.8739534
1725,7,241864704,6,6,4,ACO,4.326453234,359.7454206
1726,7,241864704,6,6,4,ACO_Local,4.512536202,198.8959474
1727,8,241864704,6,6,4,ACO,4.946730848,430.2393616
1728,8,241864704,6,6,4,ACO_Local,5.158510652,235.1726726
