instance,run,size,avgTransportations,avgAccommodations,destinations,algorithm,quality,time
1,1,2,1,1,2,ACO,0.068627437,0.3891575
1,1,2,1,1,2,ACO_Local,0.068627437,0.5078378
1,2,2,1,1,2,ACO,0.068627437,0.3808075
1,2,2,1,1,2,ACO_Local,0.068627437,0.5248179
1,3,2,1,1,2,ACO,0.068627437,0.3767967
1,3,2,1,1,2,ACO_Local,0.068627437,0.524179
1,4,2,1,1,2,ACO,0.068627437,0.395873
1,4,2,1,1,2,ACO_Local,0.068627437,0.5207498
1,5,2,1,1,2,ACO,0.068627437,0.4002811
1,5,2,1,1,2,ACO_Local,0.068627437,0.5886435
1,6,2,1,1,2,ACO,0.068627437,0.3960757
1,6,2,1,1,2,ACO_Local,0.068627437,0.4729442
1,7,2,1,1,2,ACO,0.068627437,0.3620908
1,7,2,1,1,2,ACO_Local,0.068627437,0.4527389
1,8,2,1,1,2,ACO,0.068627437,0.3291224
1,8,2,1,1,2,ACO_Local,0.068627437,0.4722728
2,1,8,1,2,2,ACO,0.091420166,0.3959115
2,1,8,1,2,2,ACO_Local,0.091420166,0.5207639
2,2,8,1,2,2,ACO,0.091420165,0.3767826
2,2,8,1,2,2,ACO_Local,0.091420165,0.4919388
2,3,8,1,2,2,ACO,0.091420166,0.4034178
2,3,8,1,2,2,ACO_Local,0.091420166,0.5014999
2,4,8,1,2,2,ACO,0.091420166,0.3877176
2,4,8,1,2,2,ACO_Local,0.091420166,0.5290519
2,5,8,1,2,2,ACO,0.091420166,0.3600848
2,5,8,1,2,2,ACO_Local,0.091420166,0.493953
2,6,8,1,2,2,ACO,0.091420165,0.3670146
2,6,8,1,2,2,ACO_Local,0.091420165,0.5035944
2,7,8,1,2,2,ACO,0.091420166,0.3774523
2,7,8,1,2,2,ACO_Local,0.091420166,0.509134
2,8,8,1,2,2,ACO,0.091420166,0.3663013
2,8,8,1,2,2,ACO_Local,0.091420166,0.4784333
3,1,18,1,3,2,ACO,0.130668377,0.3923134
3,1,18,1,3,2,ACO_Local,0.130668377,0.5568331
3,2,18,1,3,2,ACO,0.130668378,0.3937964
3,2,18,1,3,2,ACO_Local,0.130668378,0.5324614
3,3,18,1,3,2,ACO,0.130668377,0.3955416
3,3,18,1,3,2,ACO_Local,0.130668377,0.5360305
3,4,18,1,3,2,ACO,0.130668378,0.3977016
3,4,18,1,3,2,ACO_Local,0.130668378,0.5314706
3,5,18,1,3,2,ACO,0.130668377,0.3905079
3,5,18,1,3,2,ACO_Local,0.130668377,0.5460709
3,6,18,1,3,2,ACO,0.130668377,0.3896561
3,6,18,1,3,2,ACO_Local,0.130668377,0.5416517
3,7,18,1,3,2,ACO,0.130668378,0.3904733
3,7,18,1,3,2,ACO_Local,0.130668378,0.5246456
3,8,18,1,3,2,ACO,0.130668377,0.3882047
3,8,18,1,3,2,ACO_Local,0.130668377,0.5378552
4,1,32,1,4,2,ACO,0.158338942,0.4446207
4,1,32,1,4,2,ACO_Local,0.158338942,0.592145
4,2,32,1,4,2,ACO,0.158338942,0.4134997
4,2,32,1,4,2,ACO_Local,0.158338942,0.5734086
4,3,32,1,4,2,ACO,0.158338943,0.4281401
4,3,32,1,4,2,ACO_Local,0.158338943,0.6027426
4,4,32,1,4,2,ACO,0.158338942,0.4258976
4,4,32,1,4,2,ACO_Local,0.158338942,0.6198074
4,5,32,1,4,2,ACO,0.158338942,0.419886
4,5,32,1,4,2,ACO_Local,0.158338942,0.5983645
4,6,32,1,4,2,ACO,0.158338942,0.4402661
4,6,32,1,4,2,ACO_Local,0.158338942,0.5732047
4,7,32,1,4,2,ACO,0.158338943,0.4330109
4,7,32,1,4,2,ACO_Local,0.158338943,0.5750867
4,8,32,1,4,2,ACO,0.158338942,0.4122159
4,8,32,1,4,2,ACO_Local,0.158338942,0.5801837
5,1,50,1,5,2,ACO,0.181813117,0.4978192
5,1,50,1,5,2,ACO_Local,0.181813117,0.6845413
5,2,50,1,5,2,ACO,0.181813117,0.5494552
5,2,50,1,5,2,ACO_Local,0.181813117,0.7061731
5,3,50,1,5,2,ACO,0.181813117,0.4973296
5,3,50,1,5,2,ACO_Local,0.181813117,0.7370534
5,4,50,1,5,2,ACO,0.181813117,0.5308326
5,4,50,1,5,2,ACO_Local,0.181813117,0.6753856
5,5,50,1,5,2,ACO,0.181813116,0.5358983
5,5,50,1,5,2,ACO_Local,0.181813116,0.6681407
5,6,50,1,5,2,ACO,0.181813117,0.4713692
5,6,50,1,5,2,ACO_Local,0.181813117,0.6514279
5,7,50,1,5,2,ACO,0.181813117,0.479073
5,7,50,1,5,2,ACO_Local,0.181813117,0.6661453
5,8,50,1,5,2,ACO,0.181813117,0.4829034
5,8,50,1,5,2,ACO_Local,0.181813117,0.6338786
6,1,72,1,6,2,ACO,0.266586484,0.5404163
6,1,72,1,6,2,ACO_Local,0.266586484,0.7168187
6,2,72,1,6,2,ACO,0.266586483,0.5027178
6,2,72,1,6,2,ACO_Local,0.266586483,0.6428282
6,3,72,1,6,2,ACO,0.266586484,0.5047371
6,3,72,1,6,2,ACO_Local,0.266586484,0.6444314
6,4,72,1,6,2,ACO,0.266586483,0.5908869
6,4,72,1,6,2,ACO_Local,0.266586483,0.6799724
6,5,72,1,6,2,ACO,0.266586484,0.5324187
6,5,72,1,6,2,ACO_Local,0.266586484,0.6926608
6,6,72,1,6,2,ACO,0.266586483,0.5049098
6,6,72,1,6,2,ACO_Local,0.266586483,0.6719847
6,7,72,1,6,2,ACO,0.266586484,0.5153715
6,7,72,1,6,2,ACO_Local,0.266586484,0.677257
6,8,72,1,6,2,ACO,0.266586483,0.5990325
6,8,72,1,6,2,ACO_Local,0.266586483,0.7190731
7,1,16,2,1,2,ACO,0.247178035,0.4618048
7,1,16,2,1,2,ACO_Local,0.247178035,0.5902266
7,2,16,2,1,2,ACO,0.247178035,0.4713825
7,2,16,2,1,2,ACO_Local,0.247178035,0.5975935
7,3,16,2,1,2,ACO,0.247178035,0.4340346
7,3,16,2,1,2,ACO_Local,0.247178035,0.6066311
7,4,16,2,1,2,ACO,0.247178035,0.4524836
7,4,16,2,1,2,ACO_Local,0.247178035,0.5654662
7,5,16,2,1,2,ACO,0.247178036,0.426817
7,5,16,2,1,2,ACO_Local,0.247178036,0.5545842
7,6,16,2,1,2,ACO,0.247178035,0.3980245
7,6,16,2,1,2,ACO_Local,0.247178035,0.5518469
7,7,16,2,1,2,ACO,0.247178035,0.409119
7,7,16,2,1,2,ACO_Local,0.247178035,0.556264
7,8,16,2,1,2,ACO,0.247178035,0.3877788
7,8,16,2,1,2,ACO_Local,0.247178035,0.5744585
8,1,64,2,2,2,ACO,0.199232512,0.4659605
8,1,64,2,2,2,ACO_Local,0.201429133,0.59627
8,2,64,2,2,2,ACO,0.199232512,0.438639
8,2,64,2,2,2,ACO_Local,0.201429134,0.5831809
8,3,64,2,2,2,ACO,0.199232512,0.4338858
8,3,64,2,2,2,ACO_Local,0.201429133,0.6066037
8,4,64,2,2,2,ACO,0.199232512,0.4418467
8,4,64,2,2,2,ACO_Local,0.201429133,0.6398476
8,5,64,2,2,2,ACO,0.199232513,0.4615901
8,5,64,2,2,2,ACO_Local,0.201429133,0.6561062
8,6,64,2,2,2,ACO,0.199232512,0.4699632
8,6,64,2,2,2,ACO_Local,0.201429134,0.648316
8,7,64,2,2,2,ACO,0.199232512,0.4838001
8,7,64,2,2,2,ACO_Local,0.201429133,0.6549199
8,8,64,2,2,2,ACO,0.199232512,0.4650753
8,8,64,2,2,2,ACO_Local,0.201429133,0.659446
9,1,144,2,3,2,ACO,0.290015579,0.4786694
9,1,144,2,3,2,ACO_Local,0.290015579,0.6901206
9,2,144,2,3,2,ACO,0.290015579,0.4944948
9,2,144,2,3,2,ACO_Local,0.290015579,0.652996
9,3,144,2,3,2,ACO,0.290015579,0.5164448
9,3,144,2,3,2,ACO_Local,0.290015579,0.7029595
9,4,144,2,3,2,ACO,0.290015579,0.4912623
9,4,144,2,3,2,ACO_Local,0.290015579,0.6799588
9,5,144,2,3,2,ACO,0.290015579,0.5484331
9,5,144,2,3,2,ACO_Local,0.290015579,0.6635962
9,6,144,2,3,2,ACO,0.29001558,0.5033173
9,6,144,2,3,2,ACO_Local,0.29001558,0.6574699
9,7,144,2,3,2,ACO,0.290015579,0.4820062
9,7,144,2,3,2,ACO_Local,0.290015579,0.642652
9,8,144,2,3,2,ACO,0.290015579,0.4732098
9,8,144,2,3,2,ACO_Local,0.290015579,0.6345735
10,1,256,2,4,2,ACO,0.245898284,0.6082813
10,1,256,2,4,2,ACO_Local,0.251137508,0.684351
10,2,256,2,4,2,ACO,0.244215257,0.5754031
10,2,256,2,4,2,ACO_Local,0.251137509,0.7090024
10,3,256,2,4,2,ACO,0.245898284,0.555655
10,3,256,2,4,2,ACO_Local,0.251137508,0.6876292
10,4,256,2,4,2,ACO,0.245898284,0.8043057
10,4,256,2,4,2,ACO_Local,0.251137508,0.6822906
10,5,256,2,4,2,ACO,0.245898284,0.5844224
10,5,256,2,4,2,ACO_Local,0.251137508,0.6720899
10,6,256,2,4,2,ACO,0.245898284,0.5399048
10,6,256,2,4,2,ACO_Local,0.251137509,0.6807683
10,7,256,2,4,2,ACO,0.245898284,0.5269937
10,7,256,2,4,2,ACO_Local,0.251137508,0.7165676
10,8,256,2,4,2,ACO,0.245898284,0.5293636
10,8,256,2,4,2,ACO_Local,0.251137508,0.6856313
11,1,400,2,5,2,ACO,0.306022494,0.6198026
11,1,400,2,5,2,ACO_Local,0.319554043,0.74644
11,2,400,2,5,2,ACO,0.305931743,0.5675214
11,2,400,2,5,2,ACO_Local,0.319554042,0.7363004
11,3,400,2,5,2,ACO,0.305931744,0.5682522
11,3,400,2,5,2,ACO_Local,0.319554043,0.7419888
11,4,400,2,5,2,ACO,0.306022494,0.6903793
11,4,400,2,5,2,ACO_Local,0.319448006,0.7684956
11,5,400,2,5,2,ACO,0.306022494,0.6686025
11,5,400,2,5,2,ACO_Local,0.319554042,0.8061899
11,6,400,2,5,2,ACO,0.306022493,1.0033111
11,6,400,2,5,2,ACO_Local,0.319554043,0.8315486
11,7,400,2,5,2,ACO,0.306022494,1.1844816
11,7,400,2,5,2,ACO_Local,0.319554042,0.7982461
11,8,400,2,5,2,ACO,0.306022493,0.5601328
11,8,400,2,5,2,ACO_Local,0.319554043,0.8174743
12,1,576,2,6,2,ACO,0.209527567,0.5921471
12,1,576,2,6,2,ACO_Local,0.261117869,0.7606986
12,2,576,2,6,2,ACO,0.209527566,0.6292132
12,2,576,2,6,2,ACO_Local,0.261117868,0.784744
12,3,576,2,6,2,ACO,0.209527567,0.584256
12,3,576,2,6,2,ACO_Local,0.261117869,0.7939057
12,4,576,2,6,2,ACO,0.209527566,0.5773899
12,4,576,2,6,2,ACO_Local,0.261117869,0.7854988
12,5,576,2,6,2,ACO,0.209527567,0.6602885
12,5,576,2,6,2,ACO_Local,0.261117868,0.7540091
12,6,576,2,6,2,ACO,0.209527567,0.556677
12,6,576,2,6,2,ACO_Local,0.261117869,0.7734023
12,7,576,2,6,2,ACO,0.209527566,0.5865383
12,7,576,2,6,2,ACO_Local,0.261117869,0.8093351
12,8,576,2,6,2,ACO,0.209527567,0.5988713
12,8,576,2,6,2,ACO_Local,0.261117868,0.7782059
13,1,54,3,1,2,ACO,0.321159648,0.4748874
13,1,54,3,1,2,ACO_Local,0.327123409,0.6637074
13,2,54,3,1,2,ACO,0.321159648,0.4877172
13,2,54,3,1,2,ACO_Local,0.327123408,0.6734703
13,3,54,3,1,2,ACO,0.321159648,0.472904
13,3,54,3,1,2,ACO_Local,0.327123409,0.7539634
13,4,54,3,1,2,ACO,0.321159648,0.5115852
13,4,54,3,1,2,ACO_Local,0.327123409,0.7176889
13,5,54,3,1,2,ACO,0.321159648,0.5644985
13,5,54,3,1,2,ACO_Local,0.327123409,0.7124358
13,6,54,3,1,2,ACO,0.321159648,0.5176815
13,6,54,3,1,2,ACO_Local,0.327123408,0.7513415
13,7,54,3,1,2,ACO,0.321159648,0.4876309
13,7,54,3,1,2,ACO_Local,0.327123409,0.714914
13,8,54,3,1,2,ACO,0.321159648,0.476467
13,8,54,3,1,2,ACO_Local,0.327123409,0.6664823
14,1,216,3,2,2,ACO,0.351382586,0.5176627
14,1,216,3,2,2,ACO_Local,0.351382586,0.6989692
14,2,216,3,2,2,ACO,0.351382586,0.5241666
14,2,216,3,2,2,ACO_Local,0.351382586,0.7499026
14,3,216,3,2,2,ACO,0.351382586,0.5984894
14,3,216,3,2,2,ACO_Local,0.351382586,0.7425849
14,4,216,3,2,2,ACO,0.351382586,0.6022662
14,4,216,3,2,2,ACO_Local,0.351382586,0.814802
14,5,216,3,2,2,ACO,0.351382586,0.6806263
14,5,216,3,2,2,ACO_Local,0.351382586,0.775115
14,6,216,3,2,2,ACO,0.351382586,0.5944397
14,6,216,3,2,2,ACO_Local,0.351382586,0.6876498
14,7,216,3,2,2,ACO,0.351382586,0.5254345
14,7,216,3,2,2,ACO_Local,0.351382586,0.7216753
14,8,216,3,2,2,ACO,0.351382586,0.527781
14,8,216,3,2,2,ACO_Local,0.351382586,0.7077353
15,1,486,3,3,2,ACO,0.264266378,1.2427574
15,1,486,3,3,2,ACO_Local,0.286860788,0.7674077
15,2,486,3,3,2,ACO,0.264266379,1.1073433
15,2,486,3,3,2,ACO_Local,0.286860788,0.8115015
15,3,486,3,3,2,ACO,0.264266378,0.6481941
15,3,486,3,3,2,ACO_Local,0.286860789,0.7648171
15,4,486,3,3,2,ACO,0.264266379,0.5659161
15,4,486,3,3,2,ACO_Local,0.286860788,0.8000349
15,5,486,3,3,2,ACO,0.264266378,0.6426242
15,5,486,3,3,2,ACO_Local,0.286860788,0.7519958
15,6,486,3,3,2,ACO,0.264266379,0.5575186
15,6,486,3,3,2,ACO_Local,0.286860788,0.7919869
15,7,486,3,3,2,ACO,0.264266378,0.5437215
15,7,486,3,3,2,ACO_Local,0.286860789,0.7491409
15,8,486,3,3,2,ACO,0.26284857,0.5568434
15,8,486,3,3,2,ACO_Local,0.286860788,0.8501241
16,1,864,3,4,2,ACO,0.421744973,0.6440367
16,1,864,3,4,2,ACO_Local,0.449682901,0.8341174
16,2,864,3,4,2,ACO,0.421744973,0.590733
16,2,864,3,4,2,ACO_Local,0.453431938,0.9776933
16,3,864,3,4,2,ACO,0.421744973,0.7299239
16,3,864,3,4,2,ACO_Local,0.450245257,0.8313886
16,4,864,3,4,2,ACO,0.421744973,0.6416941
16,4,864,3,4,2,ACO_Local,0.4496829,0.9078808
16,5,864,3,4,2,ACO,0.421744973,0.6539791
16,5,864,3,4,2,ACO_Local,0.449682901,0.8873274
16,6,864,3,4,2,ACO,0.421744973,0.6691264
16,6,864,3,4,2,ACO_Local,0.4496829,0.9478842
16,7,864,3,4,2,ACO,0.421744974,0.6662257
16,7,864,3,4,2,ACO_Local,0.453431939,0.9398494
16,8,864,3,4,2,ACO,0.421744973,0.6717965
16,8,864,3,4,2,ACO_Local,0.449682901,0.9141272
17,1,1350,3,5,2,ACO,0.356724564,0.7110225
17,1,1350,3,5,2,ACO_Local,0.405632135,1.2033959
17,2,1350,3,5,2,ACO,0.356724565,0.6725372
17,2,1350,3,5,2,ACO_Local,0.394933525,1.0066154
17,3,1350,3,5,2,ACO,0.356724564,0.6102694
17,3,1350,3,5,2,ACO_Local,0.394552732,0.8810215
17,4,1350,3,5,2,ACO,0.356724565,0.6672367
17,4,1350,3,5,2,ACO_Local,0.397606319,1.4280029
17,5,1350,3,5,2,ACO,0.356724564,0.6570534
17,5,1350,3,5,2,ACO_Local,0.394933525,0.8965955
17,6,1350,3,5,2,ACO,0.356724565,0.6298619
17,6,1350,3,5,2,ACO_Local,0.397987113,0.9653753
17,7,1350,3,5,2,ACO,0.356724564,0.6198031
17,7,1350,3,5,2,ACO_Local,0.405251341,0.9044084
17,8,1350,3,5,2,ACO,0.356724564,0.6308903
17,8,1350,3,5,2,ACO_Local,0.397987113,0.9213085
18,1,1944,3,6,2,ACO,0.32522897,0.6740668
18,1,1944,3,6,2,ACO_Local,0.397620475,0.9101618
18,2,1944,3,6,2,ACO,0.320474268,0.6935875
18,2,1944,3,6,2,ACO_Local,0.397620475,0.9062134
18,3,1944,3,6,2,ACO,0.320474267,0.6754814
18,3,1944,3,6,2,ACO_Local,0.397620475,0.896581
18,4,1944,3,6,2,ACO,0.320474268,0.6654633
18,4,1944,3,6,2,ACO_Local,0.397620475,0.9743419
18,5,1944,3,6,2,ACO,0.319511754,0.6636039
18,5,1944,3,6,2,ACO_Local,0.397620475,0.9571096
18,6,1944,3,6,2,ACO,0.320377734,0.7288942
18,6,1944,3,6,2,ACO_Local,0.397620475,1.121028
18,7,1944,3,6,2,ACO,0.323960244,0.7293368
18,7,1944,3,6,2,ACO_Local,0.397620474,1.0498347
18,8,1944,3,6,2,ACO,0.316270987,0.8276605
18,8,1944,3,6,2,ACO_Local,0.397620475,0.9711633
19,1,128,4,1,2,ACO,0.245666018,0.6134253
19,1,128,4,1,2,ACO_Local,0.259415754,0.8123692
19,2,128,4,1,2,ACO,0.247287689,0.6178851
19,2,128,4,1,2,ACO_Local,0.259415753,0.8939335
19,3,128,4,1,2,ACO,0.251056316,0.650216
19,3,128,4,1,2,ACO_Local,0.258949195,0.9574743
19,4,128,4,1,2,ACO,0.248562209,0.70501
19,4,128,4,1,2,ACO_Local,0.257264796,1.1073001
19,5,128,4,1,2,ACO,0.245763835,0.5524088
19,5,128,4,1,2,ACO_Local,0.259799016,0.7810146
19,6,128,4,1,2,ACO,0.249833664,0.6230646
19,6,128,4,1,2,ACO_Local,0.259635832,0.8417023
19,7,128,4,1,2,ACO,0.250530607,0.5984684
19,7,128,4,1,2,ACO_Local,0.259415754,0.7886312
19,8,128,4,1,2,ACO,0.250200957,0.5629735
19,8,128,4,1,2,ACO_Local,0.257264796,1.1109667
20,1,512,4,2,2,ACO,0.357644929,0.628691
20,1,512,4,2,2,ACO_Local,0.370055682,0.855786
20,2,512,4,2,2,ACO,0.357644929,0.6149815
20,2,512,4,2,2,ACO_Local,0.370055683,0.9026465
20,3,512,4,2,2,ACO,0.357644929,0.6391373
20,3,512,4,2,2,ACO_Local,0.370055682,0.8562718
20,4,512,4,2,2,ACO,0.357644929,0.5889407
20,4,512,4,2,2,ACO_Local,0.370055683,0.8457802
20,5,512,4,2,2,ACO,0.357644929,0.576849
20,5,512,4,2,2,ACO_Local,0.370055682,0.8265307
20,6,512,4,2,2,ACO,0.357644929,0.5909019
20,6,512,4,2,2,ACO_Local,0.370055683,0.9306326
20,7,512,4,2,2,ACO,0.357644929,0.5786916
20,7,512,4,2,2,ACO_Local,0.370048496,0.8198643
20,8,512,4,2,2,ACO,0.357644929,0.5798142
20,8,512,4,2,2,ACO_Local,0.364111466,0.873886
21,1,1152,4,3,2,ACO,0.424753402,0.616131
21,1,1152,4,3,2,ACO_Local,0.488419357,0.9135816
21,2,1152,4,3,2,ACO,0.424753403,0.6506154
21,2,1152,4,3,2,ACO_Local,0.487734365,1.2054498
21,3,1152,4,3,2,ACO,0.424753402,0.6199036
21,3,1152,4,3,2,ACO_Local,0.486345816,0.9441266
21,4,1152,4,3,2,ACO,0.424753402,0.6378638
21,4,1152,4,3,2,ACO_Local,0.486345816,0.9544565
21,5,1152,4,3,2,ACO,0.424753402,0.6734215
21,5,1152,4,3,2,ACO_Local,0.488544008,0.9499617
21,6,1152,4,3,2,ACO,0.424753403,0.6978445
21,6,1152,4,3,2,ACO_Local,0.488544009,0.9674502
21,7,1152,4,3,2,ACO,0.424753402,0.7585771
21,7,1152,4,3,2,ACO_Local,0.488544008,0.9589954
21,8,1152,4,3,2,ACO,0.424753402,0.6524794
21,8,1152,4,3,2,ACO_Local,0.487955894,0.8833983
22,1,2048,4,4,2,ACO,0.368234337,0.6981294
22,1,2048,4,4,2,ACO_Local,0.428928633,1.9149898
22,2,2048,4,4,2,ACO,0.36838464,0.9999444
22,2,2048,4,4,2,ACO_Local,0.427574516,1.523021
22,3,2048,4,4,2,ACO,0.368234337,0.7442385
22,3,2048,4,4,2,ACO_Local,0.428928633,1.2230495
22,4,2048,4,4,2,ACO,0.368234337,0.7006674
22,4,2048,4,4,2,ACO_Local,0.427574516,0.9612828
22,5,2048,4,4,2,ACO,0.376587979,0.8168876
22,5,2048,4,4,2,ACO_Local,0.426433289,0.9342517
22,6,2048,4,4,2,ACO,0.36838464,0.7214871
22,6,2048,4,4,2,ACO_Local,0.428802993,1.047785
22,7,2048,4,4,2,ACO,0.368234337,0.7294334
22,7,2048,4,4,2,ACO_Local,0.436805442,0.9497213
22,8,2048,4,4,2,ACO,0.376587979,0.6923798
22,8,2048,4,4,2,ACO_Local,0.427574517,0.9622087
23,1,3200,4,5,2,ACO,0.455285832,0.7541725
23,1,3200,4,5,2,ACO_Local,0.47194365,1.3210914
23,2,3200,4,5,2,ACO,0.455285833,0.729584
23,2,3200,4,5,2,ACO_Local,0.472383886,1.0519878
23,3,3200,4,5,2,ACO,0.455285832,0.7495138
23,3,3200,4,5,2,ACO_Local,0.472425907,1.2796563
23,4,3200,4,5,2,ACO,0.455285833,0.8007102
23,4,3200,4,5,2,ACO_Local,0.472399494,1.3127846
23,5,3200,4,5,2,ACO,0.455285832,0.9105714
23,5,3200,4,5,2,ACO_Local,0.472680436,1.2218479
23,6,3200,4,5,2,ACO,0.455285832,0.8144051
23,6,3200,4,5,2,ACO_Local,0.472680436,1.0934867
23,7,3200,4,5,2,ACO,0.455285833,0.6958796
23,7,3200,4,5,2,ACO_Local,0.472383885,1.0818303
23,8,3200,4,5,2,ACO,0.455285832,0.7269844
23,8,3200,4,5,2,ACO_Local,0.472102944,1.0915328
24,1,4608,4,6,2,ACO,0.345137351,0.7719552
24,1,4608,4,6,2,ACO_Local,0.407735727,1.0204575
24,2,4608,4,6,2,ACO,0.345137352,0.9939305
24,2,4608,4,6,2,ACO_Local,0.407735726,1.0076679
24,3,4608,4,6,2,ACO,0.345137351,0.9311257
24,3,4608,4,6,2,ACO_Local,0.407735727,1.0774154
24,4,4608,4,6,2,ACO,0.345137351,0.770875
24,4,4608,4,6,2,ACO_Local,0.407735726,1.0751925
24,5,4608,4,6,2,ACO,0.345137352,0.8014008
24,5,4608,4,6,2,ACO_Local,0.407735727,1.1580611
24,6,4608,4,6,2,ACO,0.345137351,0.7348742
24,6,4608,4,6,2,ACO_Local,0.407735726,1.0160683
24,7,4608,4,6,2,ACO,0.345137351,0.7943239
24,7,4608,4,6,2,ACO_Local,0.407735727,1.1527585
24,8,4608,4,6,2,ACO,0.345137352,0.8319244
24,8,4608,4,6,2,ACO_Local,0.407735726,1.154782
25,1,250,5,1,2,ACO,0.436188541,0.6337982
25,1,250,5,1,2,ACO_Local,0.442672694,0.8900732
25,2,250,5,1,2,ACO,0.43618854,0.6381152
25,2,250,5,1,2,ACO_Local,0.439032175,0.9086804
25,3,250,5,1,2,ACO,0.436188541,0.6135254
25,3,250,5,1,2,ACO_Local,0.442121225,0.8906168
25,4,250,5,1,2,ACO,0.43618854,0.6191792
25,4,250,5,1,2,ACO_Local,0.442672694,1.1301875
25,5,250,5,1,2,ACO,0.425403996,0.7062681
25,5,250,5,1,2,ACO_Local,0.442121225,0.9600093
25,6,250,5,1,2,ACO,0.425403995,0.6900838
25,6,250,5,1,2,ACO_Local,0.442672694,1.1504411
25,7,250,5,1,2,ACO,0.436188541,0.6713877
25,7,250,5,1,2,ACO_Local,0.442672693,0.9027915
25,8,250,5,1,2,ACO,0.43618854,0.6187507
25,8,250,5,1,2,ACO_Local,0.442672694,0.8634368
26,1,1000,5,2,2,ACO,0.493043663,0.658007
26,1,1000,5,2,2,ACO_Local,0.516588463,0.9509679
26,2,1000,5,2,2,ACO,0.493043663,0.6696797
26,2,1000,5,2,2,ACO_Local,0.519426544,1.0563629
26,3,1000,5,2,2,ACO,0.493043663,0.6531752
26,3,1000,5,2,2,ACO_Local,0.516588462,0.9842014
26,4,1000,5,2,2,ACO,0.493043663,0.6423569
26,4,1000,5,2,2,ACO_Local,0.519426544,1.4745453
26,5,1000,5,2,2,ACO,0.493043662,0.7927592
26,5,1000,5,2,2,ACO_Local,0.516588463,1.1125878
26,6,1000,5,2,2,ACO,0.493043663,0.6409034
26,6,1000,5,2,2,ACO_Local,0.516588462,0.9671444
26,7,1000,5,2,2,ACO,0.493043663,0.6844258
26,7,1000,5,2,2,ACO_Local,0.516588463,0.9809061
26,8,1000,5,2,2,ACO,0.493043663,0.7823916
26,8,1000,5,2,2,ACO_Local,0.519185927,1.3161608
27,1,2250,5,3,2,ACO,0.362132187,0.6768028
27,1,2250,5,3,2,ACO_Local,0.390641755,1.051071
27,2,2250,5,3,2,ACO,0.364820335,0.7027683
27,2,2250,5,3,2,ACO_Local,0.392779358,0.9912014
27,3,2250,5,3,2,ACO,0.362132187,0.6770804
27,3,2250,5,3,2,ACO_Local,0.395294309,0.9662609
27,4,2250,5,3,2,ACO,0.362132188,0.691401
27,4,2250,5,3,2,ACO_Local,0.398625717,1.1630931
27,5,2250,5,3,2,ACO,0.362132187,0.6838468
27,5,2250,5,3,2,ACO_Local,0.377998829,1.0883914
27,6,2250,5,3,2,ACO,0.362132187,0.8621582
27,6,2250,5,3,2,ACO_Local,0.398625718,1.2626223
27,7,2250,5,3,2,ACO,0.362132187,0.8601188
27,7,2250,5,3,2,ACO_Local,0.392779359,1.2777986
27,8,2250,5,3,2,ACO,0.362132187,0.7453457
27,8,2250,5,3,2,ACO_Local,0.398625718,1.2194035
28,1,4000,5,4,2,ACO,0.449668506,0.7474685
28,1,4000,5,4,2,ACO_Local,0.492014531,1.4697913
28,2,4000,5,4,2,ACO,0.44800388,0.8500685
28,2,4000,5,4,2,ACO_Local,0.487920287,1.0457102
28,3,4000,5,4,2,ACO,0.448003879,0.8814239
28,3,4000,5,4,2,ACO_Local,0.487920286,0.9936115
28,4,4000,5,4,2,ACO,0.448003879,0.7609312
28,4,4000,5,4,2,ACO_Local,0.492014532,1.0956108
28,5,4000,5,4,2,ACO,0.449668506,1.4477082
28,5,4000,5,4,2,ACO_Local,0.492014531,1.1406979
28,6,4000,5,4,2,ACO,0.448003879,0.7811831
28,6,4000,5,4,2,ACO_Local,0.487920287,1.0479146
28,7,4000,5,4,2,ACO,0.448003879,0.8472265
28,7,4000,5,4,2,ACO_Local,0.492014531,1.2182656
28,8,4000,5,4,2,ACO,0.44800388,0.8442168
28,8,4000,5,4,2,ACO_Local,0.492014531,1.0374444
29,1,6250,5,5,2,ACO,0.485406928,0.8182089
29,1,6250,5,5,2,ACO_Local,0.494930815,1.0458325
29,2,6250,5,5,2,ACO,0.485406928,0.751138
29,2,6250,5,5,2,ACO_Local,0.494930814,1.0620501
29,3,6250,5,5,2,ACO,0.485406929,0.8203407
29,3,6250,5,5,2,ACO_Local,0.494930815,1.0761243
29,4,6250,5,5,2,ACO,0.485406928,0.8766002
29,4,6250,5,5,2,ACO_Local,0.494930814,1.1514508
29,5,6250,5,5,2,ACO,0.485406928,0.9367114
29,5,6250,5,5,2,ACO_Local,0.494930815,1.1721192
29,6,6250,5,5,2,ACO,0.485406928,0.8787585
29,6,6250,5,5,2,ACO_Local,0.494930814,1.1397477
29,7,6250,5,5,2,ACO,0.485406928,0.886417
29,7,6250,5,5,2,ACO_Local,0.494930815,1.2083073
29,8,6250,5,5,2,ACO,0.485406928,0.8597091
29,8,6250,5,5,2,ACO_Local,0.494930814,1.2478014
30,1,9000,5,6,2,ACO,0.515722062,0.9083443
30,1,9000,5,6,2,ACO_Local,0.535898073,1.1310082
30,2,9000,5,6,2,ACO,0.515722062,1.4832673
30,2,9000,5,6,2,ACO_Local,0.535898073,1.1467258
30,3,9000,5,6,2,ACO,0.515722062,0.8237049
30,3,9000,5,6,2,ACO_Local,0.535898073,1.1335158
30,4,9000,5,6,2,ACO,0.515722062,1.0394954
30,4,9000,5,6,2,ACO_Local,0.535898073,1.152965
30,5,9000,5,6,2,ACO,0.515722062,0.8919048
30,5,9000,5,6,2,ACO_Local,0.535898073,1.0859214
30,6,9000,5,6,2,ACO,0.515722062,0.9733395
30,6,9000,5,6,2,ACO_Local,0.535898073,1.1370395
30,7,9000,5,6,2,ACO,0.515722062,1.1185371
30,7,9000,5,6,2,ACO_Local,0.535898073,1.2609674
30,8,9000,5,6,2,ACO,0.51564592,0.85968
30,8,9000,5,6,2,ACO_Local,0.535898073,1.1133896
31,1,432,6,1,2,ACO,0.326522413,1.0109931
31,1,432,6,1,2,ACO_Local,0.361200449,1.5963076
31,2,432,6,1,2,ACO,0.32541244,0.7778561
31,2,432,6,1,2,ACO_Local,0.353155937,1.1622173
31,3,432,6,1,2,ACO,0.328075941,1.2309021
31,3,432,6,1,2,ACO_Local,0.361306485,1.2051552
31,4,432,6,1,2,ACO,0.326801567,1.0207107
31,4,432,6,1,2,ACO_Local,0.351856806,1.2005342
31,5,432,6,1,2,ACO,0.327399919,1.3759846
31,5,432,6,1,2,ACO_Local,0.367500847,1.2191516
31,6,432,6,1,2,ACO,0.323355155,0.93396
31,6,432,6,1,2,ACO_Local,0.361442827,1.0158399
31,7,432,6,1,2,ACO,0.312856148,0.8336974
31,7,432,6,1,2,ACO_Local,0.367150016,1.1737959
31,8,432,6,1,2,ACO,0.318135003,0.8907917
31,8,432,6,1,2,ACO_Local,0.361442826,1.4068675
32,1,1728,6,2,2,ACO,0.451586355,0.7575961
32,1,1728,6,2,2,ACO_Local,0.455382277,1.0030182
32,2,1728,6,2,2,ACO,0.451586356,0.8817241
32,2,1728,6,2,2,ACO_Local,0.45544417,1.1839364
32,3,1728,6,2,2,ACO,0.451586355,0.7554759
32,3,1728,6,2,2,ACO_Local,0.452884673,1.2636854
32,4,1728,6,2,2,ACO,0.451586356,0.7355046
32,4,1728,6,2,2,ACO_Local,0.452884672,1.0481524
32,5,1728,6,2,2,ACO,0.451586355,0.7513001
32,5,1728,6,2,2,ACO_Local,0.452183857,1.3296471
32,6,1728,6,2,2,ACO,0.451586356,0.7298405
32,6,1728,6,2,2,ACO_Local,0.45544417,1.7519227
32,7,1728,6,2,2,ACO,0.451586355,0.7636048
32,7,1728,6,2,2,ACO_Local,0.452782311,1.1378935
32,8,1728,6,2,2,ACO,0.451586356,0.8095724
32,8,1728,6,2,2,ACO_Local,0.452183857,1.5995422
33,1,3888,6,3,2,ACO,0.388213544,0.814967
33,1,3888,6,3,2,ACO_Local,0.416384333,1.30942
33,2,3888,6,3,2,ACO,0.384729156,1.3973432
33,2,3888,6,3,2,ACO_Local,0.416544431,1.1573149
33,3,3888,6,3,2,ACO,0.376890176,0.9175496
33,3,3888,6,3,2,ACO_Local,0.416544431,1.1021989
33,4,3888,6,3,2,ACO,0.390971405,0.8124004
33,4,3888,6,3,2,ACO_Local,0.416544431,1.1231829
33,5,3888,6,3,2,ACO,0.38167677,0.7458413
33,5,3888,6,3,2,ACO_Local,0.41654443,1.6028136
33,6,3888,6,3,2,ACO,0.399592197,0.9838854
33,6,3888,6,3,2,ACO_Local,0.416544431,1.4406035
33,7,3888,6,3,2,ACO,0.393181452,0.8482716
33,7,3888,6,3,2,ACO_Local,0.416544431,1.2400655
33,8,3888,6,3,2,ACO,0.399592197,0.7772241
33,8,3888,6,3,2,ACO_Local,0.416544431,1.8458918
34,1,6912,6,4,2,ACO,0.379292733,0.8214885
34,1,6912,6,4,2,ACO_Local,0.431199103,1.1648083
34,2,6912,6,4,2,ACO,0.379292732,0.8659145
34,2,6912,6,4,2,ACO_Local,0.431199103,1.1063995
34,3,6912,6,4,2,ACO,0.379292733,0.8823399
34,3,6912,6,4,2,ACO_Local,0.431199102,1.1425547
34,4,6912,6,4,2,ACO,0.379292732,0.9010844
34,4,6912,6,4,2,ACO_Local,0.431199103,1.1511292
34,5,6912,6,4,2,ACO,0.379292733,0.9380277
34,5,6912,6,4,2,ACO_Local,0.431199103,1.2157626
34,6,6912,6,4,2,ACO,0.379292732,0.9990677
34,6,6912,6,4,2,ACO_Local,0.431248453,1.2955655
34,7,6912,6,4,2,ACO,0.379292733,1.035444
34,7,6912,6,4,2,ACO_Local,0.431199102,1.1080365
34,8,6912,6,4,2,ACO,0.379292733,0.8535726
34,8,6912,6,4,2,ACO_Local,0.431199103,1.1680259
35,1,10800,6,5,2,ACO,0.436385339,0.8833166
35,1,10800,6,5,2,ACO_Local,0.459325809,1.230037
35,2,10800,6,5,2,ACO,0.436385339,0.9175188
35,2,10800,6,5,2,ACO_Local,0.45932581,1.2919828
35,3,10800,6,5,2,ACO,0.436385339,0.7947853
35,3,10800,6,5,2,ACO_Local,0.459325809,1.255007
35,4,10800,6,5,2,ACO,0.436385339,0.7810074
35,4,10800,6,5,2,ACO_Local,0.45932581,1.1584079
35,5,10800,6,5,2,ACO,0.436385339,0.7795816
35,5,10800,6,5,2,ACO_Local,0.462803181,1.4069167
35,6,10800,6,5,2,ACO,0.436385339,0.7967802
35,6,10800,6,5,2,ACO_Local,0.459325809,1.1876153
35,7,10800,6,5,2,ACO,0.436385339,0.8167434
35,7,10800,6,5,2,ACO_Local,0.45932581,1.2108076
35,8,10800,6,5,2,ACO,0.436385339,0.8726891
35,8,10800,6,5,2,ACO_Local,0.459325809,1.1965726
36,1,15552,6,6,2,ACO,0.492876202,0.8752493
36,1,15552,6,6,2,ACO_Local,0.533567611,1.2562685
36,2,15552,6,6,2,ACO,0.498442891,1.3515278
36,2,15552,6,6,2,ACO_Local,0.528391105,1.395383
36,3,15552,6,6,2,ACO,0.492876202,1.0161029
36,3,15552,6,6,2,ACO_Local,0.525643804,1.3202999
36,4,15552,6,6,2,ACO,0.49569559,1.0439539
36,4,15552,6,6,2,ACO_Local,0.528642684,1.2813428
36,5,15552,6,6,2,ACO,0.495695589,1.0364852
36,5,15552,6,6,2,ACO_Local,0.533567611,1.4090912
36,6,15552,6,6,2,ACO,0.492876202,0.9019149
36,6,15552,6,6,2,ACO_Local,0.533567611,1.3619929
36,7,15552,6,6,2,ACO,0.492876202,0.9037879
36,7,15552,6,6,2,ACO_Local,0.533567611,1.3438941
36,8,15552,6,6,2,ACO,0.49569559,0.9125732
36,8,15552,6,6,2,ACO_Local,0.528391105,1.374697
37,1,6,1,1,3,ACO,0.206248959,0.9850148
37,1,6,1,1,3,ACO_Local,0.229890164,0.9220573
37,2,6,1,1,3,ACO,0.204901398,0.666738
37,2,6,1,1,3,ACO_Local,0.229890164,0.9601141
37,3,6,1,1,3,ACO,0.205734692,0.6427272
37,3,6,1,1,3,ACO_Local,0.229890164,0.899769
37,4,6,1,1,3,ACO,0.204901398,0.617357
37,4,6,1,1,3,ACO_Local,0.229624101,0.9875584
37,5,6,1,1,3,ACO,0.205734691,0.6969914
37,5,6,1,1,3,ACO_Local,0.229890164,0.9637644
37,6,6,1,1,3,ACO,0.20624896,0.6553912
37,6,6,1,1,3,ACO_Local,0.225502248,0.9938211
37,7,6,1,1,3,ACO,0.204901397,0.5945787
37,7,6,1,1,3,ACO_Local,0.229890164,0.9107669
37,8,6,1,1,3,ACO,0.204901398,0.6083994
37,8,6,1,1,3,ACO_Local,0.229890164,0.9395223
38,1,48,1,2,3,ACO,0.306875223,0.7837806
38,1,48,1,2,3,ACO_Local,0.358066943,1.2902543
38,2,48,1,2,3,ACO,0.307453459,0.7926895
38,2,48,1,2,3,ACO_Local,0.358952268,1.045454
38,3,48,1,2,3,ACO,0.307453459,0.7862339
38,3,48,1,2,3,ACO_Local,0.358952268,1.0399008
38,4,48,1,2,3,ACO,0.307453459,0.7646529
38,4,48,1,2,3,ACO_Local,0.358066944,1.132767
38,5,48,1,2,3,ACO,0.306875223,0.7167853
38,5,48,1,2,3,ACO_Local,0.358066943,1.1351122
38,6,48,1,2,3,ACO,0.307453459,1.4328924
38,6,48,1,2,3,ACO_Local,0.358066944,1.1538977
38,7,48,1,2,3,ACO,0.307453459,0.7478072
38,7,48,1,2,3,ACO_Local,0.358952268,1.1693669
38,8,48,1,2,3,ACO,0.307453459,0.707663
38,8,48,1,2,3,ACO_Local,0.358066943,1.0205088
39,1,162,1,3,3,ACO,0.272168975,0.7953297
39,1,162,1,3,3,ACO_Local,0.329890959,1.1711814
39,2,162,1,3,3,ACO,0.272168975,0.845075
39,2,162,1,3,3,ACO_Local,0.32989096,1.2051115
39,3,162,1,3,3,ACO,0.272168975,0.8912236
39,3,162,1,3,3,ACO_Local,0.329890959,1.2361312
39,4,162,1,3,3,ACO,0.272168975,0.7765146
39,4,162,1,3,3,ACO_Local,0.329890959,1.1589348
39,5,162,1,3,3,ACO,0.272168975,0.8241355
39,5,162,1,3,3,ACO_Local,0.32989096,1.3106443
39,6,162,1,3,3,ACO,0.272168975,0.8433029
39,6,162,1,3,3,ACO_Local,0.329890959,1.3332657
39,7,162,1,3,3,ACO,0.272168975,0.8766592
39,7,162,1,3,3,ACO_Local,0.329890959,1.2082358
39,8,162,1,3,3,ACO,0.272168975,0.82967
39,8,162,1,3,3,ACO_Local,0.32989096,1.1839488
40,1,384,1,4,3,ACO,0.369816385,0.9105898
40,1,384,1,4,3,ACO_Local,0.44061264,1.3335552
40,2,384,1,4,3,ACO,0.369816386,1.2973706
40,2,384,1,4,3,ACO_Local,0.44061264,1.3121607
40,3,384,1,4,3,ACO,0.369816385,0.9045196
40,3,384,1,4,3,ACO_Local,0.44061264,1.2377717
40,4,384,1,4,3,ACO,0.369816385,0.9652727
40,4,384,1,4,3,ACO_Local,0.440612639,1.2663791
40,5,384,1,4,3,ACO,0.369816385,1.0775026
40,5,384,1,4,3,ACO_Local,0.44061264,1.2786907
40,6,384,1,4,3,ACO,0.369816386,0.9004245
40,6,384,1,4,3,ACO_Local,0.44061264,1.2572042
40,7,384,1,4,3,ACO,0.369816385,1.2365366
40,7,384,1,4,3,ACO_Local,0.44061264,1.3153692
40,8,384,1,4,3,ACO,0.369816385,0.9861895
40,8,384,1,4,3,ACO_Local,0.44061264,1.2726939
41,1,750,1,5,3,ACO,0.405995639,1.7455249
41,1,750,1,5,3,ACO_Local,0.495225261,1.523228
41,2,750,1,5,3,ACO,0.40599564,1.3455333
41,2,750,1,5,3,ACO_Local,0.490451784,1.4003589
41,3,750,1,5,3,ACO,0.405995639,0.9811913
41,3,750,1,5,3,ACO_Local,0.491015774,1.4468286
41,4,750,1,5,3,ACO,0.403787887,0.9340045
41,4,750,1,5,3,ACO_Local,0.490451784,1.355214
41,5,750,1,5,3,ACO,0.404516943,1.3733906
41,5,750,1,5,3,ACO_Local,0.490451784,1.3471707
41,6,750,1,5,3,ACO,0.405995639,1.5671053
41,6,750,1,5,3,ACO_Local,0.490451783,1.5245951
41,7,750,1,5,3,ACO,0.40599564,1.4206946
41,7,750,1,5,3,ACO_Local,0.490451784,1.4557041
41,8,750,1,5,3,ACO,0.403787886,0.8944834
41,8,750,1,5,3,ACO_Local,0.490451784,1.3928779
42,1,1296,1,6,3,ACO,0.33789007,1.0957908
42,1,1296,1,6,3,ACO_Local,0.359300454,1.8764129
42,2,1296,1,6,3,ACO,0.33789007,1.1293357
42,2,1296,1,6,3,ACO_Local,0.350583999,1.85404
42,3,1296,1,6,3,ACO,0.33789007,1.2744511
42,3,1296,1,6,3,ACO_Local,0.359300454,1.7768978
42,4,1296,1,6,3,ACO,0.337890069,1.0505493
42,4,1296,1,6,3,ACO_Local,0.350583998,1.5845857
42,5,1296,1,6,3,ACO,0.33789007,1.1006252
42,5,1296,1,6,3,ACO_Local,0.350583999,1.9109508
42,6,1296,1,6,3,ACO,0.33789007,1.1051585
42,6,1296,1,6,3,ACO_Local,0.350583998,1.4563349
42,7,1296,1,6,3,ACO,0.33789007,1.0557955
42,7,1296,1,6,3,ACO_Local,0.350583999,1.5092101
42,8,1296,1,6,3,ACO,0.33789007,1.0550813
42,8,1296,1,6,3,ACO_Local,0.350583998,1.5569165
43,1,96,2,1,3,ACO,0.288990026,1.1612863
43,1,96,2,1,3,ACO_Local,0.369311486,1.4330866
43,2,96,2,1,3,ACO,0.287281374,1.0383104
43,2,96,2,1,3,ACO_Local,0.369311487,1.4743657
43,3,96,2,1,3,ACO,0.288990026,1.4905375
43,3,96,2,1,3,ACO_Local,0.367809028,1.7936012
43,4,96,2,1,3,ACO,0.288990025,1.0770532
43,4,96,2,1,3,ACO_Local,0.369311486,1.6810082
43,5,96,2,1,3,ACO,0.287281375,0.9800286
43,5,96,2,1,3,ACO_Local,0.369311486,1.4972214
43,6,96,2,1,3,ACO,0.288990025,1.4719752
43,6,96,2,1,3,ACO_Local,0.369311487,1.7075099
43,7,96,2,1,3,ACO,0.287281375,1.2482414
43,7,96,2,1,3,ACO_Local,0.36921185,1.5440465
43,8,96,2,1,3,ACO,0.288990025,0.939908
43,8,96,2,1,3,ACO_Local,0.369311486,1.4281209
44,1,768,2,2,3,ACO,0.449037144,1.0937056
44,1,768,2,2,3,ACO_Local,0.479216729,1.5717909
44,2,768,2,2,3,ACO,0.449037145,1.2369018
44,2,768,2,2,3,ACO_Local,0.479216729,1.6962371
44,3,768,2,2,3,ACO,0.449037144,1.5658464
44,3,768,2,2,3,ACO_Local,0.479216728,1.4657599
44,4,768,2,2,3,ACO,0.449037144,1.6838404
44,4,768,2,2,3,ACO_Local,0.475231432,1.4138178
44,5,768,2,2,3,ACO,0.449037145,1.2377024
44,5,768,2,2,3,ACO_Local,0.475208645,1.7465285
44,6,768,2,2,3,ACO,0.449037144,1.5369721
44,6,768,2,2,3,ACO_Local,0.479216729,1.645444
44,7,768,2,2,3,ACO,0.449037144,1.1988356
44,7,768,2,2,3,ACO_Local,0.479193941,1.3729963
44,8,768,2,2,3,ACO,0.449037145,1.1846856
44,8,768,2,2,3,ACO_Local,0.475231432,1.4370383
45,1,2592,2,3,3,ACO,0.399995383,1.2891972
45,1,2592,2,3,3,ACO_Local,0.487956419,1.5256372
45,2,2592,2,3,3,ACO,0.403043672,1.3140555
45,2,2592,2,3,3,ACO_Local,0.497703679,1.8035009
45,3,2592,2,3,3,ACO,0.399995383,1.0687233
45,3,2592,2,3,3,ACO_Local,0.497703678,1.6301967
45,4,2592,2,3,3,ACO,0.403043672,1.1534106
45,4,2592,2,3,3,ACO_Local,0.498125402,1.567731
45,5,2592,2,3,3,ACO,0.399995383,1.042845
45,5,2592,2,3,3,ACO_Local,0.497703678,1.830967
45,6,2592,2,3,3,ACO,0.403043671,1.4702026
45,6,2592,2,3,3,ACO_Local,0.497703678,2.2101234
45,7,2592,2,3,3,ACO,0.403043672,1.5189657
45,7,2592,2,3,3,ACO_Local,0.497590234,1.7829758
45,8,2592,2,3,3,ACO,0.403043672,1.2008579
45,8,2592,2,3,3,ACO_Local,0.494682294,2.0367333
46,1,6144,2,4,3,ACO,0.437038388,1.2433087
46,1,6144,2,4,3,ACO_Local,0.480313422,1.8403728
46,2,6144,2,4,3,ACO,0.437038389,1.1973795
46,2,6144,2,4,3,ACO_Local,0.480313421,1.7148135
46,3,6144,2,4,3,ACO,0.437038388,1.0997426
46,3,6144,2,4,3,ACO_Local,0.480313422,1.6807268
46,4,6144,2,4,3,ACO,0.437038389,1.1205918
46,4,6144,2,4,3,ACO_Local,0.480313421,1.7157748
46,5,6144,2,4,3,ACO,0.437038388,1.1943283
46,5,6144,2,4,3,ACO_Local,0.480313422,1.7986635
46,6,6144,2,4,3,ACO,0.437038389,1.2595921
46,6,6144,2,4,3,ACO_Local,0.480313422,1.6661274
46,7,6144,2,4,3,ACO,0.437038388,1.0889037
46,7,6144,2,4,3,ACO_Local,0.480313421,1.8557291
46,8,6144,2,4,3,ACO,0.437038389,1.2205436
46,8,6144,2,4,3,ACO_Local,0.480313422,1.8937642
47,1,12000,2,5,3,ACO,0.526689321,1.2610892
47,1,12000,2,5,3,ACO_Local,0.557668188,3.5114116
47,2,12000,2,5,3,ACO,0.52668932,1.422025
47,2,12000,2,5,3,ACO_Local,0.560899166,1.9265038
47,3,12000,2,5,3,ACO,0.530122487,1.5714903
47,3,12000,2,5,3,ACO_Local,0.558141823,2.4910139
47,4,12000,2,5,3,ACO,0.526689321,1.7311256
47,4,12000,2,5,3,ACO_Local,0.553020395,1.8980614
47,5,12000,2,5,3,ACO,0.52668932,1.4493563
47,5,12000,2,5,3,ACO_Local,0.552850784,2.245632
47,6,12000,2,5,3,ACO,0.530122487,1.4617184
47,6,12000,2,5,3,ACO_Local,0.553292726,2.0044897
47,7,12000,2,5,3,ACO,0.526689321,1.670278
47,7,12000,2,5,3,ACO_Local,0.561091171,2.0533575
47,8,12000,2,5,3,ACO,0.52668932,1.3330861
47,8,12000,2,5,3,ACO_Local,0.55409712,2.0479813
48,1,20736,2,6,3,ACO,0.428961686,1.6645515
48,1,20736,2,6,3,ACO_Local,0.480854897,2.3215015
48,2,20736,2,6,3,ACO,0.432679162,1.335282
48,2,20736,2,6,3,ACO_Local,0.474829683,2.0015437
48,3,20736,2,6,3,ACO,0.41776846,1.339974
48,3,20736,2,6,3,ACO_Local,0.466808043,2.1754598
48,4,20736,2,6,3,ACO,0.41776846,1.3004632
48,4,20736,2,6,3,ACO_Local,0.467911214,2.5928964
48,5,20736,2,6,3,ACO,0.418773584,1.6345415
48,5,20736,2,6,3,ACO_Local,0.475756936,2.2984653
48,6,20736,2,6,3,ACO,0.418255621,1.4475073
48,6,20736,2,6,3,ACO_Local,0.468087761,2.509317
48,7,20736,2,6,3,ACO,0.425229386,2.3811034
48,7,20736,2,6,3,ACO_Local,0.468066139,2.712503
48,8,20736,2,6,3,ACO,0.435282436,2.3839292
48,8,20736,2,6,3,ACO_Local,0.468066138,1.9044922
49,1,486,3,1,3,ACO,0.36007102,1.13696
49,1,486,3,1,3,ACO_Local,0.379414596,1.8626487
49,2,486,3,1,3,ACO,0.360071021,1.0987231
49,2,486,3,1,3,ACO_Local,0.379414597,1.8156692
49,3,486,3,1,3,ACO,0.36007102,1.0591776
49,3,486,3,1,3,ACO_Local,0.379414596,1.8774692
49,4,486,3,1,3,ACO,0.360071021,1.0440988
49,4,486,3,1,3,ACO_Local,0.378114923,1.7020354
49,5,486,3,1,3,ACO,0.36007102,1.1748748
49,5,486,3,1,3,ACO_Local,0.379414597,1.926848
49,6,486,3,1,3,ACO,0.360071021,1.2096624
49,6,486,3,1,3,ACO_Local,0.379414596,1.833605
49,7,486,3,1,3,ACO,0.36007102,1.062186
49,7,486,3,1,3,ACO_Local,0.379414597,1.8180725
49,8,486,3,1,3,ACO,0.360071021,1.1386153
49,8,486,3,1,3,ACO_Local,0.379414596,1.7235188
50,1,3888,3,2,3,ACO,0.47716492,1.2127555
50,1,3888,3,2,3,ACO_Local,0.539416872,2.9463841
50,2,3888,3,2,3,ACO,0.462419998,1.2447733
50,2,3888,3,2,3,ACO_Local,0.539621921,2.4927129
50,3,3888,3,2,3,ACO,0.47716492,1.3590546
50,3,3888,3,2,3,ACO_Local,0.53946397,2.1028767
50,4,3888,3,2,3,ACO,0.47716492,1.4353535
50,4,3888,3,2,3,ACO_Local,0.539761472,2.4742998
50,5,3888,3,2,3,ACO,0.47716492,1.7355841
50,5,3888,3,2,3,ACO_Local,0.540813599,2.3875765
50,6,3888,3,2,3,ACO,0.462419998,1.1966854
50,6,3888,3,2,3,ACO_Local,0.53946397,2.1116252
50,7,3888,3,2,3,ACO,0.462419999,1.4207091
50,7,3888,3,2,3,ACO_Local,0.539371086,2.9502986
50,8,3888,3,2,3,ACO,0.47716492,1.3929882
50,8,3888,3,2,3,ACO_Local,0.539403467,1.938144
51,1,13122,3,3,3,ACO,0.483037528,1.3389421
51,1,13122,3,3,3,ACO_Local,0.52850298,3.0831388
51,2,13122,3,3,3,ACO,0.483037528,1.2686682
51,2,13122,3,3,3,ACO_Local,0.533586011,3.1294533
51,3,13122,3,3,3,ACO,0.483037528,1.6173925
51,3,13122,3,3,3,ACO_Local,0.533537498,2.5736917
51,4,13122,3,3,3,ACO,0.483037528,1.4225587
51,4,13122,3,3,3,ACO_Local,0.532439902,2.9018349
51,5,13122,3,3,3,ACO,0.483037528,1.6715844
51,5,13122,3,3,3,ACO_Local,0.533550215,2.817606
51,6,13122,3,3,3,ACO,0.483037528,1.8510136
51,6,13122,3,3,3,ACO_Local,0.527427993,2.8969419
51,7,13122,3,3,3,ACO,0.483037528,1.4263291
51,7,13122,3,3,3,ACO_Local,0.525659142,2.5713338
51,8,13122,3,3,3,ACO,0.483037527,1.3714414
51,8,13122,3,3,3,ACO_Local,0.533203637,2.7200845
52,1,31104,3,4,3,ACO,0.520224138,2.0517026
52,1,31104,3,4,3,ACO_Local,0.540549713,2.6579241
52,2,31104,3,4,3,ACO,0.509733578,1.514358
52,2,31104,3,4,3,ACO_Local,0.540549713,2.4906534
52,3,31104,3,4,3,ACO,0.509733577,1.6533424
52,3,31104,3,4,3,ACO_Local,0.540549712,2.6731307
52,4,31104,3,4,3,ACO,0.509733578,1.710231
52,4,31104,3,4,3,ACO_Local,0.539567761,2.4857095
52,5,31104,3,4,3,ACO,0.520224138,1.4314389
52,5,31104,3,4,3,ACO_Local,0.540549713,2.1623169
52,6,31104,3,4,3,ACO,0.519910659,1.8616715
52,6,31104,3,4,3,ACO_Local,0.540549713,2.5361481
52,7,31104,3,4,3,ACO,0.509733578,1.3348202
52,7,31104,3,4,3,ACO_Local,0.53956776,2.3868581
52,8,31104,3,4,3,ACO,0.509733578,1.4247058
52,8,31104,3,4,3,ACO_Local,0.539567761,2.3496843
53,1,60750,3,5,3,ACO,0.486018075,2.5948019
53,1,60750,3,5,3,ACO_Local,0.500605204,2.1521487
53,2,60750,3,5,3,ACO,0.491685888,4.0196955
53,2,60750,3,5,3,ACO_Local,0.505426541,2.2614626
53,3,60750,3,5,3,ACO,0.49254766,2.0311479
53,3,60750,3,5,3,ACO_Local,0.50192893,2.2927525
53,4,60750,3,5,3,ACO,0.483148352,3.6405065
53,4,60750,3,5,3,ACO_Local,0.502215326,2.5115531
53,5,60750,3,5,3,ACO,0.484261385,2.1352687
53,5,60750,3,5,3,ACO_Local,0.50192893,2.4276035
53,6,60750,3,5,3,ACO,0.49254766,3.2305006
53,6,60750,3,5,3,ACO_Local,0.503670759,2.5321176
53,7,60750,3,5,3,ACO,0.492547661,2.1297
53,7,60750,3,5,3,ACO_Local,0.502215326,2.3063876
53,8,60750,3,5,3,ACO,0.484069289,1.8079864
53,8,60750,3,5,3,ACO_Local,0.502215325,4.0594496
54,1,104976,3,6,3,ACO,0.567783369,2.3523078
54,1,104976,3,6,3,ACO_Local,0.592173693,3.3194775
54,2,104976,3,6,3,ACO,0.567841562,3.2225038
54,2,104976,3,6,3,ACO_Local,0.586578978,2.3982549
54,3,104976,3,6,3,ACO,0.567939119,2.8213345
54,3,104976,3,6,3,ACO_Local,0.599735007,2.7169512
54,4,104976,3,6,3,ACO,0.567939118,2.6098272
54,4,104976,3,6,3,ACO_Local,0.609071067,3.6305606
54,5,104976,3,6,3,ACO,0.567977052,3.8204326
54,5,104976,3,6,3,ACO_Local,0.591243645,2.8731637
54,6,104976,3,6,3,ACO,0.568651103,3.2161997
54,6,104976,3,6,3,ACO_Local,0.597994161,2.7536469
54,7,104976,3,6,3,ACO,0.568651103,3.6657797
54,7,104976,3,6,3,ACO_Local,0.605998859,4.8075519
54,8,104976,3,6,3,ACO,0.568651103,3.925817
54,8,104976,3,6,3,ACO_Local,0.599881394,3.160281
55,1,1536,4,1,3,ACO,0.415480552,1.5802392
55,1,1536,4,1,3,ACO_Local,0.427181126,2.920596
55,2,1536,4,1,3,ACO,0.415480552,1.6762366
55,2,1536,4,1,3,ACO_Local,0.427645082,3.4322672
55,3,1536,4,1,3,ACO,0.415480552,3.4893085
55,3,1536,4,1,3,ACO_Local,0.42595123,2.4099841
55,4,1536,4,1,3,ACO,0.415480553,1.7112107
55,4,1536,4,1,3,ACO_Local,0.424486757,3.1049263
55,5,1536,4,1,3,ACO,0.415480552,1.9893673
55,5,1536,4,1,3,ACO_Local,0.428332889,3.7777736
55,6,1536,4,1,3,ACO,0.415480552,1.5468124
55,6,1536,4,1,3,ACO_Local,0.426607003,3.1879788
55,7,1536,4,1,3,ACO,0.415480552,1.5733509
55,7,1536,4,1,3,ACO_Local,0.424509379,3.4776824
55,8,1536,4,1,3,ACO,0.415480552,2.1097817
55,8,1536,4,1,3,ACO_Local,0.426242543,2.8027106
56,1,12288,4,2,3,ACO,0.46796324,3.9801565
56,1,12288,4,2,3,ACO_Local,0.556633626,5.1306596
56,2,12288,4,2,3,ACO,0.47864088,2.0506788
56,2,12288,4,2,3,ACO_Local,0.556669637,3.2910193
56,3,12288,4,2,3,ACO,0.476215881,3.1587004
56,3,12288,4,2,3,ACO_Local,0.558503596,4.2177186
56,4,12288,4,2,3,ACO,0.479477004,2.0895127
56,4,12288,4,2,3,ACO_Local,0.558154935,4.9442647
56,5,12288,4,2,3,ACO,0.48244842,2.3275611
56,5,12288,4,2,3,ACO_Local,0.559190777,3.2755548
56,6,12288,4,2,3,ACO,0.491268359,3.0472304
56,6,12288,4,2,3,ACO_Local,0.561245197,5.0031854
56,7,12288,4,2,3,ACO,0.478708162,2.3228862
56,7,12288,4,2,3,ACO_Local,0.556153703,3.5565872
56,8,12288,4,2,3,ACO,0.481094553,4.0070786
56,8,12288,4,2,3,ACO_Local,0.551820024,4.4725598
57,1,41472,4,3,3,ACO,0.448290039,2.1592919
57,1,41472,4,3,3,ACO_Local,0.518326609,2.8655489
57,2,41472,4,3,3,ACO,0.449578417,3.5649389
57,2,41472,4,3,3,ACO_Local,0.519823047,2.6951693
57,3,41472,4,3,3,ACO,0.443716304,2.5095206
57,3,41472,4,3,3,ACO_Local,0.521484739,3.4582058
57,4,41472,4,3,3,ACO,0.452235647,2.0619654
57,4,41472,4,3,3,ACO_Local,0.500762675,3.1588116
57,5,41472,4,3,3,ACO,0.446983756,3.9432055
57,5,41472,4,3,3,ACO_Local,0.518996498,2.5297699
57,6,41472,4,3,3,ACO,0.470339634,2.6370008
57,6,41472,4,3,3,ACO_Local,0.500594844,2.950704
57,7,41472,4,3,3,ACO,0.449765099,2.2074516
57,7,41472,4,3,3,ACO_Local,0.52121336,2.7077259
57,8,41472,4,3,3,ACO,0.446568908,3.0253184
57,8,41472,4,3,3,ACO_Local,0.520087986,2.8134271
58,1,98304,4,4,3,ACO,0.449790205,2.1911844
58,1,98304,4,4,3,ACO_Local,0.505851615,3.2940585
58,2,98304,4,4,3,ACO,0.458646721,2.7105868
58,2,98304,4,4,3,ACO_Local,0.505923643,2.9929842
58,3,98304,4,4,3,ACO,0.461408227,2.5836445
58,3,98304,4,4,3,ACO_Local,0.513015517,3.3867601
58,4,98304,4,4,3,ACO,0.461417307,3.0790686
58,4,98304,4,4,3,ACO_Local,0.504875872,3.2044975
58,5,98304,4,4,3,ACO,0.461437051,4.8098996
58,5,98304,4,4,3,ACO_Local,0.505809612,4.3868987
58,6,98304,4,4,3,ACO,0.458646721,4.1035062
58,6,98304,4,4,3,ACO_Local,0.515280097,2.7111136
58,7,98304,4,4,3,ACO,0.458642398,3.5177547
58,7,98304,4,4,3,ACO_Local,0.505809611,2.6968516
58,8,98304,4,4,3,ACO,0.461437051,3.7754007
58,8,98304,4,4,3,ACO_Local,0.505809612,3.4021242
59,1,192000,4,5,3,ACO,0.58301106,1.9162316
59,1,192000,4,5,3,ACO_Local,0.62378872,3.7571052
59,2,192000,4,5,3,ACO,0.582700422,1.8760229
59,2,192000,4,5,3,ACO_Local,0.623403033,3.0914567
59,3,192000,4,5,3,ACO,0.58301106,1.8930979
59,3,192000,4,5,3,ACO_Local,0.623872285,3.4097934
59,4,192000,4,5,3,ACO,0.583011061,1.9805768
59,4,192000,4,5,3,ACO_Local,0.627261022,3.3412432
59,5,192000,4,5,3,ACO,0.58301106,2.2972991
59,5,192000,4,5,3,ACO_Local,0.623872285,3.4419775
59,6,192000,4,5,3,ACO,0.58301106,2.149963
59,6,192000,4,5,3,ACO_Local,0.628004273,4.0200402
59,7,192000,4,5,3,ACO,0.58301106,2.1982309
59,7,192000,4,5,3,ACO_Local,0.623705154,3.0976835
59,8,192000,4,5,3,ACO,0.58301106,2.1717411
59,8,192000,4,5,3,ACO_Local,0.628303018,3.9700741
60,1,331776,4,6,3,ACO,0.508890926,6.6450352
60,1,331776,4,6,3,ACO_Local,0.544352453,3.9110256
60,2,331776,4,6,3,ACO,0.50907954,6.7811378
60,2,331776,4,6,3,ACO_Local,0.545635944,3.5295385
60,3,331776,4,6,3,ACO,0.519244406,3.1144916
60,3,331776,4,6,3,ACO_Local,0.551516868,3.7765989
60,4,331776,4,6,3,ACO,0.519172013,3.421056
60,4,331776,4,6,3,ACO_Local,0.552126719,3.2598311
60,5,331776,4,6,3,ACO,0.519561142,7.8937855
60,5,331776,4,6,3,ACO_Local,0.550429489,3.5434418
60,6,331776,4,6,3,ACO,0.50885829,3.4253798
60,6,331776,4,6,3,ACO_Local,0.53407224,3.2512716
60,7,331776,4,6,3,ACO,0.510054092,4.5543704
60,7,331776,4,6,3,ACO_Local,0.551562871,3.1909051
60,8,331776,4,6,3,ACO,0.506838078,6.4909677
60,8,331776,4,6,3,ACO_Local,0.545370652,3.7403616
61,1,3750,5,1,3,ACO,0.519690343,1.9010382
61,1,3750,5,1,3,ACO_Local,0.536746093,2.5212155
61,2,3750,5,1,3,ACO,0.519690344,1.5590201
61,2,3750,5,1,3,ACO_Local,0.536746092,2.4034007
61,3,3750,5,1,3,ACO,0.519690343,2.7769974
61,3,3750,5,1,3,ACO_Local,0.536746093,2.4467944
61,4,3750,5,1,3,ACO,0.519690343,1.8208273
61,4,3750,5,1,3,ACO_Local,0.536746093,2.4090651
61,5,3750,5,1,3,ACO,0.519690343,1.8965023
61,5,3750,5,1,3,ACO_Local,0.536746092,2.5486995
61,6,3750,5,1,3,ACO,0.519690344,1.7245392
61,6,3750,5,1,3,ACO_Local,0.536746093,2.8087959
61,7,3750,5,1,3,ACO,0.519835831,2.5210825
61,7,3750,5,1,3,ACO_Local,0.536746093,2.5987395
61,8,3750,5,1,3,ACO,0.519690343,1.521709
61,8,3750,5,1,3,ACO_Local,0.536746092,2.458828
62,1,30000,5,2,3,ACO,0.483228795,2.7423617
62,1,30000,5,2,3,ACO_Local,0.48785312,3.6666268
62,2,30000,5,2,3,ACO,0.472862249,2.6130328
62,2,30000,5,2,3,ACO_Local,0.494351971,3.6516366
62,3,30000,5,2,3,ACO,0.479179397,2.8251785
62,3,30000,5,2,3,ACO_Local,0.494202246,3.7041025
62,4,30000,5,2,3,ACO,0.472862249,2.6004715
62,4,30000,5,2,3,ACO_Local,0.48376166,5.3343643
62,5,30000,5,2,3,ACO,0.472932419,3.9059808
62,5,30000,5,2,3,ACO_Local,0.49330305,3.8217728
62,6,30000,5,2,3,ACO,0.472862249,3.1235511
62,6,30000,5,2,3,ACO_Local,0.493615657,3.1475781
62,7,30000,5,2,3,ACO,0.47286225,2.7882528
62,7,30000,5,2,3,ACO_Local,0.483731559,5.2330057
62,8,30000,5,2,3,ACO,0.472932418,2.7636788
62,8,30000,5,2,3,ACO_Local,0.483916054,3.0015056
63,1,101250,5,3,3,ACO,0.50310378,2.0868973
63,1,101250,5,3,3,ACO_Local,0.541993679,3.1968437
63,2,101250,5,3,3,ACO,0.501674613,3.1069452
63,2,101250,5,3,3,ACO_Local,0.551281745,3.5240884
63,3,101250,5,3,3,ACO,0.501674614,1.8689528
63,3,101250,5,3,3,ACO_Local,0.538674961,3.434375
63,4,101250,5,3,3,ACO,0.501674613,1.8358381
63,4,101250,5,3,3,ACO_Local,0.544718988,3.3554971
63,5,101250,5,3,3,ACO,0.50310378,2.1099852
63,5,101250,5,3,3,ACO_Local,0.550955772,3.4324503
63,6,101250,5,3,3,ACO,0.501674614,2.7067385
63,6,101250,5,3,3,ACO_Local,0.544241914,3.2037119
63,7,101250,5,3,3,ACO,0.501674613,2.5089257
63,7,101250,5,3,3,ACO_Local,0.532124881,2.8427188
63,8,101250,5,3,3,ACO,0.501674614,2.6310644
63,8,101250,5,3,3,ACO_Local,0.541402471,3.8257011
64,1,240000,5,4,3,ACO,0.507244651,2.4144417
64,1,240000,5,4,3,ACO_Local,0.53570476,4.4798672
64,2,240000,5,4,3,ACO,0.51550529,3.2466006
64,2,240000,5,4,3,ACO_Local,0.53585827,5.6626759
64,3,240000,5,4,3,ACO,0.509149498,4.5705897
64,3,240000,5,4,3,ACO_Local,0.538848169,5.755384
64,4,240000,5,4,3,ACO,0.519749384,5.3698378
64,4,240000,5,4,3,ACO_Local,0.53221161,3.8561747
64,5,240000,5,4,3,ACO,0.518037845,3.9136047
64,5,240000,5,4,3,ACO_Local,0.538427278,3.6947147
64,6,240000,5,4,3,ACO,0.515505291,6.3649504
64,6,240000,5,4,3,ACO_Local,0.535521879,4.8043664
64,7,240000,5,4,3,ACO,0.518059373,2.626301
64,7,240000,5,4,3,ACO_Local,0.533753635,4.1613385
64,8,240000,5,4,3,ACO,0.503284651,4.2022639
64,8,240000,5,4,3,ACO_Local,0.538939892,6.5713983
65,1,468750,5,5,3,ACO,0.535400444,6.1659416
65,1,468750,5,5,3,ACO_Local,0.560104759,3.2265339
65,2,468750,5,5,3,ACO,0.535272232,3.6782936
65,2,468750,5,5,3,ACO_Local,0.580581068,3.534003
65,3,468750,5,5,3,ACO,0.530392191,2.4226639
65,3,468750,5,5,3,ACO_Local,0.555555863,5.7820427
65,4,468750,5,5,3,ACO,0.535400444,5.8605896
65,4,468750,5,5,3,ACO_Local,0.55704557,5.7464798
65,5,468750,5,5,3,ACO,0.535400444,3.8765318
65,5,468750,5,5,3,ACO_Local,0.557928007,5.4692268
65,6,468750,5,5,3,ACO,0.53676632,3.2727106
65,6,468750,5,5,3,ACO_Local,0.570683687,4.133104
65,7,468750,5,5,3,ACO,0.536788548,4.9900331
65,7,468750,5,5,3,ACO_Local,0.558453257,3.6844977
65,8,468750,5,5,3,ACO,0.537341848,5.3262833
65,8,468750,5,5,3,ACO_Local,0.573757063,3.390815
66,1,810000,5,6,3,ACO,0.5430933,4.1285788
66,1,810000,5,6,3,ACO_Local,0.598647607,6.2177738
66,2,810000,5,6,3,ACO,0.560792167,4.5006044
66,2,810000,5,6,3,ACO_Local,0.600203846,5.1586466
66,3,810000,5,6,3,ACO,0.550355239,3.9520908
66,3,810000,5,6,3,ACO_Local,0.597534025,5.9303123
66,4,810000,5,6,3,ACO,0.550421719,3.9113164
66,4,810000,5,6,3,ACO_Local,0.598712878,4.0360931
66,5,810000,5,6,3,ACO,0.553704504,8.6986198
66,5,810000,5,6,3,ACO_Local,0.599046436,5.6912919
66,6,810000,5,6,3,ACO,0.569880858,3.5927912
66,6,810000,5,6,3,ACO_Local,0.595691743,4.8421098
66,7,810000,5,6,3,ACO,0.560393134,2.6964321
66,7,810000,5,6,3,ACO_Local,0.595276711,6.1486622
66,8,810000,5,6,3,ACO,0.577218923,2.7909524
66,8,810000,5,6,3,ACO_Local,0.594810463,6.9341982
67,1,7776,6,1,3,ACO,0.465193063,3.1068066
67,1,7776,6,1,3,ACO_Local,0.484464605,5.0359439
67,2,7776,6,1,3,ACO,0.464319658,2.7329567
67,2,7776,6,1,3,ACO_Local,0.48437739,3.7775328
67,3,7776,6,1,3,ACO,0.464003475,2.8840321
67,3,7776,6,1,3,ACO_Local,0.483231971,4.7847017
67,4,7776,6,1,3,ACO,0.463813462,2.2901555
67,4,7776,6,1,3,ACO_Local,0.484216016,4.3676864
67,5,7776,6,1,3,ACO,0.46385656,3.1846129
67,5,7776,6,1,3,ACO_Local,0.484457108,3.7358958
67,6,7776,6,1,3,ACO,0.464319658,3.2024726
67,6,7776,6,1,3,ACO_Local,0.484168495,5.0472052
67,7,7776,6,1,3,ACO,0.464509671,3.6116592
67,7,7776,6,1,3,ACO_Local,0.483130919,3.4206638
67,8,7776,6,1,3,ACO,0.464046573,2.2974997
67,8,7776,6,1,3,ACO_Local,0.485483872,3.756823
68,1,62208,6,2,3,ACO,0.541678368,6.0719472
68,1,62208,6,2,3,ACO_Local,0.564423019,3.7624237
68,2,62208,6,2,3,ACO,0.540580479,4.9100408
68,2,62208,6,2,3,ACO_Local,0.56191393,3.4915125
68,3,62208,6,2,3,ACO,0.547370918,3.3736669
68,3,62208,6,2,3,ACO_Local,0.565856086,4.0371968
68,4,62208,6,2,3,ACO,0.541657983,6.3653233
68,4,62208,6,2,3,ACO_Local,0.54868577,4.7332082
68,5,62208,6,2,3,ACO,0.534929833,3.6916161
68,5,62208,6,2,3,ACO_Local,0.552347425,4.8695973
68,6,62208,6,2,3,ACO,0.538365949,4.7225319
68,6,62208,6,2,3,ACO_Local,0.556156043,4.2227532
68,7,62208,6,2,3,ACO,0.532255628,3.1894738
68,7,62208,6,2,3,ACO_Local,0.562335747,4.4919324
68,8,62208,6,2,3,ACO,0.540557395,4.5981242
68,8,62208,6,2,3,ACO_Local,0.555179202,5.5208033
69,1,209952,6,3,3,ACO,0.555048204,3.9281609
69,1,209952,6,3,3,ACO_Local,0.580133603,6.9645358
69,2,209952,6,3,3,ACO,0.555048204,3.6160399
69,2,209952,6,3,3,ACO_Local,0.574452643,4.8709944
69,3,209952,6,3,3,ACO,0.554197926,2.7687882
69,3,209952,6,3,3,ACO_Local,0.580692287,4.9468506
69,4,209952,6,3,3,ACO,0.555048204,4.6184633
69,4,209952,6,3,3,ACO_Local,0.574372397,7.5689377
69,5,209952,6,3,3,ACO,0.554197927,4.3358914
69,5,209952,6,3,3,ACO_Local,0.577198295,4.3598107
69,6,209952,6,3,3,ACO,0.555048204,6.3996011
69,6,209952,6,3,3,ACO_Local,0.580042922,4.8412875
69,7,209952,6,3,3,ACO,0.555048204,4.0065385
69,7,209952,6,3,3,ACO_Local,0.570669469,6.027915
69,8,209952,6,3,3,ACO,0.554197927,2.5861714
69,8,209952,6,3,3,ACO_Local,0.570432862,3.6767956
70,1,497664,6,4,3,ACO,0.563929812,4.7893907
70,1,497664,6,4,3,ACO_Local,0.57361211,3.3837077
70,2,497664,6,4,3,ACO,0.558655886,2.3014818
70,2,497664,6,4,3,ACO_Local,0.572792066,4.7708361
70,3,497664,6,4,3,ACO,0.556217924,4.092566
70,3,497664,6,4,3,ACO_Local,0.577295067,3.5839272
70,4,497664,6,4,3,ACO,0.554244576,2.7792323
70,4,497664,6,4,3,ACO_Local,0.57361211,3.4180984
70,5,497664,6,4,3,ACO,0.558159864,3.8332805
70,5,497664,6,4,3,ACO_Local,0.58116978,3.397847
70,6,497664,6,4,3,ACO,0.558636755,2.3710091
70,6,497664,6,4,3,ACO_Local,0.572620944,3.6595756
70,7,497664,6,4,3,ACO,0.561866631,3.2790901
70,7,497664,6,4,3,ACO_Local,0.578341045,4.3578341
70,8,497664,6,4,3,ACO,0.557864362,2.7284704
70,8,497664,6,4,3,ACO_Local,0.57361211,5.4950443
71,1,972000,6,5,3,ACO,0.529380818,2.7151257
71,1,972000,6,5,3,ACO_Local,0.55783194,5.3454246
71,2,972000,6,5,3,ACO,0.536371422,4.1140794
71,2,972000,6,5,3,ACO_Local,0.560394699,5.758214
71,3,972000,6,5,3,ACO,0.530854819,5.0350287
71,3,972000,6,5,3,ACO_Local,0.560405111,4.505671
71,4,972000,6,5,3,ACO,0.533362158,3.2661473
71,4,972000,6,5,3,ACO_Local,0.563576063,4.4503352
71,5,972000,6,5,3,ACO,0.529380818,3.5450634
71,5,972000,6,5,3,ACO_Local,0.563639512,5.6093051
71,6,972000,6,5,3,ACO,0.536479406,4.6948541
71,6,972000,6,5,3,ACO_Local,0.56613249,4.0053514
71,7,972000,6,5,3,ACO,0.529380818,3.9904167
71,7,972000,6,5,3,ACO_Local,0.559343491,6.0087331
71,8,972000,6,5,3,ACO,0.528078215,2.5983371
71,8,972000,6,5,3,ACO_Local,0.557868658,3.6516695
72,1,1679616,6,6,3,ACO,0.571760957,3.31941
72,1,1679616,6,6,3,ACO_Local,0.577757493,5.5982388
72,2,1679616,6,6,3,ACO,0.571574409,4.4841345
72,2,1679616,6,6,3,ACO_Local,0.584697408,9.7291713
72,3,1679616,6,6,3,ACO,0.571574409,5.8459235
72,3,1679616,6,6,3,ACO_Local,0.581848852,4.8207752
72,4,1679616,6,6,3,ACO,0.571574408,4.246335
72,4,1679616,6,6,3,ACO_Local,0.579872266,6.141436
72,5,1679616,6,6,3,ACO,0.571574409,3.732911
72,5,1679616,6,6,3,ACO_Local,0.582262879,6.4455624
72,6,1679616,6,6,3,ACO,0.571574409,2.6826845
72,6,1679616,6,6,3,ACO_Local,0.581158717,5.8932138
72,7,1679616,6,6,3,ACO,0.571574408,7.3865669
72,7,1679616,6,6,3,ACO_Local,0.582264658,5.326888
72,8,1679616,6,6,3,ACO,0.571574409,4.157069
72,8,1679616,6,6,3,ACO_Local,0.584593791,4.2781198
73,1,24,1,1,4,ACO,0.423228622,1.9023468
73,1,24,1,1,4,ACO_Local,0.470678314,3.5529528
73,2,24,1,1,4,ACO,0.423228622,1.842564
73,2,24,1,1,4,ACO_Local,0.470485212,4.2610114
73,3,24,1,1,4,ACO,0.423228622,1.886166
73,3,24,1,1,4,ACO_Local,0.470485212,3.2602998
73,4,24,1,1,4,ACO,0.423228622,2.0427347
73,4,24,1,1,4,ACO_Local,0.470750371,3.4923442
73,5,24,1,1,4,ACO,0.423228622,1.7243352
73,5,24,1,1,4,ACO_Local,0.449794096,3.8707622
73,6,24,1,1,4,ACO,0.429047118,3.2111181
73,6,24,1,1,4,ACO_Local,0.470485212,3.1985448
73,7,24,1,1,4,ACO,0.423228623,1.8080484
73,7,24,1,1,4,ACO_Local,0.470765126,3.5478947
73,8,24,1,1,4,ACO,0.432829679,1.8772331
73,8,24,1,1,4,ACO_Local,0.471339538,3.4203756
74,1,384,1,2,4,ACO,0.474718545,2.0909059
74,1,384,1,2,4,ACO_Local,0.523306882,4.53611
74,2,384,1,2,4,ACO,0.474718546,2.4327607
74,2,384,1,2,4,ACO_Local,0.547838067,4.2111437
74,3,384,1,2,4,ACO,0.474763576,2.1361389
74,3,384,1,2,4,ACO_Local,0.548810024,4.1257012
74,4,384,1,2,4,ACO,0.474763577,3.3830342
74,4,384,1,2,4,ACO_Local,0.543834437,3.411545
74,5,384,1,2,4,ACO,0.474364618,2.0922889
74,5,384,1,2,4,ACO_Local,0.527338828,4.6322951
74,6,384,1,2,4,ACO,0.474364618,2.8521695
74,6,384,1,2,4,ACO_Local,0.544650657,3.6905773
74,7,384,1,2,4,ACO,0.474718545,2.1647681
74,7,384,1,2,4,ACO_Local,0.548752756,4.2478018
74,8,384,1,2,4,ACO,0.474364618,2.5743127
74,8,384,1,2,4,ACO_Local,0.544544547,3.5735215
75,1,1944,1,3,4,ACO,0.489668782,2.4229824
75,1,1944,1,3,4,ACO_Local,0.516368062,4.0235113
75,2,1944,1,3,4,ACO,0.489668783,2.5682415
75,2,1944,1,3,4,ACO_Local,0.524444544,3.4771196
75,3,1944,1,3,4,ACO,0.489668782,2.398503
75,3,1944,1,3,4,ACO_Local,0.515688285,4.2074537
75,4,1944,1,3,4,ACO,0.489668782,2.3696326
75,4,1944,1,3,4,ACO_Local,0.519535152,3.7394294
75,5,1944,1,3,4,ACO,0.489668783,2.6332227
75,5,1944,1,3,4,ACO_Local,0.51337202,4.2032646
75,6,1944,1,3,4,ACO,0.489668782,2.4180629
75,6,1944,1,3,4,ACO_Local,0.520310584,3.4013463
75,7,1944,1,3,4,ACO,0.489668782,2.0923731
75,7,1944,1,3,4,ACO_Local,0.524594905,3.5172856
75,8,1944,1,3,4,ACO,0.489668783,2.5436483
75,8,1944,1,3,4,ACO_Local,0.519269001,3.9776308
76,1,6144,1,4,4,ACO,0.506357814,3.5939141
76,1,6144,1,4,4,ACO_Local,0.534847011,4.9093463
76,2,6144,1,4,4,ACO,0.506357813,3.9180525
76,2,6144,1,4,4,ACO_Local,0.516138605,4.4103065
76,3,6144,1,4,4,ACO,0.506357814,5.9009681
76,3,6144,1,4,4,ACO_Local,0.528742066,4.0392751
76,4,6144,1,4,4,ACO,0.506357814,4.2423726
76,4,6144,1,4,4,ACO_Local,0.534490739,3.9460184
76,5,6144,1,4,4,ACO,0.506357813,4.1790109
76,5,6144,1,4,4,ACO_Local,0.523537887,4.5896579
76,6,6144,1,4,4,ACO,0.506357814,3.470056
76,6,6144,1,4,4,ACO_Local,0.533561329,3.809909
76,7,6144,1,4,4,ACO,0.506357814,2.8349743
76,7,6144,1,4,4,ACO_Local,0.52429309,4.0949137
76,8,6144,1,4,4,ACO,0.506357813,3.3369412
76,8,6144,1,4,4,ACO_Local,0.534865821,5.7149388
77,1,15000,1,5,4,ACO,0.522331061,2.5193609
77,1,15000,1,5,4,ACO_Local,0.57319203,7.0054801
77,2,15000,1,5,4,ACO,0.527799418,3.9220868
77,2,15000,1,5,4,ACO_Local,0.570725025,5.8699167
77,3,15000,1,5,4,ACO,0.525358988,4.14947
77,3,15000,1,5,4,ACO_Local,0.570324637,4.3177713
77,4,15000,1,5,4,ACO,0.52166857,2.3595122
77,4,15000,1,5,4,ACO_Local,0.573454244,6.1258804
77,5,15000,1,5,4,ACO,0.522331061,2.7450515
77,5,15000,1,5,4,ACO_Local,0.570511504,6.5547343
77,6,15000,1,5,4,ACO,0.52166857,2.455649
77,6,15000,1,5,4,ACO_Local,0.573046546,4.0935222
77,7,15000,1,5,4,ACO,0.525541296,3.3957875
77,7,15000,1,5,4,ACO_Local,0.570077021,4.6936495
77,8,15000,1,5,4,ACO,0.52166857,2.2633519
77,8,15000,1,5,4,ACO_Local,0.572522581,4.440923
78,1,31104,1,6,4,ACO,0.574526549,4.2319302
78,1,31104,1,6,4,ACO_Local,0.586641797,6.594863
78,2,31104,1,6,4,ACO,0.57135646,3.6441004
78,2,31104,1,6,4,ACO_Local,0.586543768,5.2024923
78,3,31104,1,6,4,ACO,0.565735483,4.3388339
78,3,31104,1,6,4,ACO_Local,0.58629417,6.0591229
78,4,31104,1,6,4,ACO,0.574634666,2.9368294
78,4,31104,1,6,4,ACO_Local,0.586136698,5.0176373
78,5,31104,1,6,4,ACO,0.565683912,4.0349034
78,5,31104,1,6,4,ACO_Local,0.586915939,4.9051328
78,6,31104,1,6,4,ACO,0.574762948,3.8956487
78,6,31104,1,6,4,ACO_Local,0.58633151,4.7915041
78,7,31104,1,6,4,ACO,0.565854347,7.7125158
78,7,31104,1,6,4,ACO_Local,0.586806307,7.007794
78,8,31104,1,6,4,ACO,0.565743055,4.8137393
78,8,31104,1,6,4,ACO_Local,0.586222796,5.4834683
79,1,768,2,1,4,ACO,0.445713619,10.6193382
79,1,768,2,1,4,ACO_Local,0.495351251,7.0416429
79,2,768,2,1,4,ACO,0.441362607,4.0442575
79,2,768,2,1,4,ACO_Local,0.511130457,7.0195505
79,3,768,2,1,4,ACO,0.449450276,7.3404205
79,3,768,2,1,4,ACO_Local,0.510455256,7.9450965
79,4,768,2,1,4,ACO,0.444081903,10.2791551
79,4,768,2,1,4,ACO_Local,0.506211941,6.0604853
79,5,768,2,1,4,ACO,0.44571362,4.3987655
79,5,768,2,1,4,ACO_Local,0.510177441,6.8509969
79,6,768,2,1,4,ACO,0.443576486,9.2847053
79,6,768,2,1,4,ACO_Local,0.500870684,8.2177892
79,7,768,2,1,4,ACO,0.443576486,6.7960032
79,7,768,2,1,4,ACO_Local,0.504727159,5.756471
79,8,768,2,1,4,ACO,0.441362606,6.8773712
79,8,768,2,1,4,ACO_Local,0.504625339,6.8147143
80,1,12288,2,2,4,ACO,0.514464064,8.6316609
80,1,12288,2,2,4,ACO_Local,0.538563486,12.4405441
80,2,12288,2,2,4,ACO,0.515969155,5.4504425
80,2,12288,2,2,4,ACO_Local,0.547937481,12.3523771
80,3,12288,2,2,4,ACO,0.515772975,9.6811514
80,3,12288,2,2,4,ACO_Local,0.539921965,8.1460344
80,4,12288,2,2,4,ACO,0.515874438,7.7074881
80,4,12288,2,2,4,ACO_Local,0.546987096,7.8910555
80,5,12288,2,2,4,ACO,0.518381934,5.5408879
80,5,12288,2,2,4,ACO_Local,0.541428276,7.2639262
80,6,12288,2,2,4,ACO,0.515871384,9.3891656
80,6,12288,2,2,4,ACO_Local,0.5434222,12.1339862
80,7,12288,2,2,4,ACO,0.514663851,8.1492968
80,7,12288,2,2,4,ACO_Local,0.545663425,11.7502152
80,8,12288,2,2,4,ACO,0.518429249,10.3737451
80,8,12288,2,2,4,ACO_Local,0.541783653,12.0500712
81,1,62208,2,3,4,ACO,0.529949252,8.6120864
81,1,62208,2,3,4,ACO_Local,0.596004835,7.443083
81,2,62208,2,3,4,ACO,0.537736973,11.3010042
81,2,62208,2,3,4,ACO_Local,0.595738498,8.2340508
81,3,62208,2,3,4,ACO,0.53005956,5.3950892
81,3,62208,2,3,4,ACO_Local,0.59572003,6.8400824
81,4,62208,2,3,4,ACO,0.537752957,12.6059648
81,4,62208,2,3,4,ACO_Local,0.595572898,6.1538442
81,5,62208,2,3,4,ACO,0.538030501,13.6097956
81,5,62208,2,3,4,ACO_Local,0.595258734,8.8708118
81,6,62208,2,3,4,ACO,0.529979449,5.7829993
81,6,62208,2,3,4,ACO_Local,0.594768949,7.5162751
81,7,62208,2,3,4,ACO,0.529880922,6.7219276
81,7,62208,2,3,4,ACO_Local,0.59576304,6.5953056
81,8,62208,2,3,4,ACO,0.539579765,12.3219693
81,8,62208,2,3,4,ACO_Local,0.596023508,6.5020011
82,1,196608,2,4,4,ACO,0.600538596,8.8339882
82,1,196608,2,4,4,ACO_Local,0.62663916,10.3601352
82,2,196608,2,4,4,ACO,0.600508094,11.9417353
82,2,196608,2,4,4,ACO_Local,0.618313565,7.6116434
82,3,196608,2,4,4,ACO,0.600496965,8.380822
82,3,196608,2,4,4,ACO_Local,0.621339275,9.8350847
82,4,196608,2,4,4,ACO,0.600431871,7.3036953
82,4,196608,2,4,4,ACO_Local,0.626520764,12.2429071
82,5,196608,2,4,4,ACO,0.600538596,9.4648333
82,5,196608,2,4,4,ACO_Local,0.617829185,10.7460577
82,6,196608,2,4,4,ACO,0.600150135,5.7125919
82,6,196608,2,4,4,ACO_Local,0.620823063,11.46152
82,7,196608,2,4,4,ACO,0.600378046,5.7745035
82,7,196608,2,4,4,ACO_Local,0.616173875,9.4401079
82,8,196608,2,4,4,ACO,0.600538596,12.9924039
82,8,196608,2,4,4,ACO_Local,0.62687758,10.2180586
83,1,480000,2,5,4,ACO,0.565505899,8.5478237
83,1,480000,2,5,4,ACO_Local,0.591723776,11.4164683
83,2,480000,2,5,4,ACO,0.567307337,9.2070893
83,2,480000,2,5,4,ACO_Local,0.595448808,11.925717
83,3,480000,2,5,4,ACO,0.565505899,7.0146699
83,3,480000,2,5,4,ACO_Local,0.591634892,7.5659576
83,4,480000,2,5,4,ACO,0.565527111,8.0348538
83,4,480000,2,5,4,ACO_Local,0.591130515,8.7193276
83,5,480000,2,5,4,ACO,0.5655059,8.6112277
83,5,480000,2,5,4,ACO_Local,0.596385934,9.2390554
83,6,480000,2,5,4,ACO,0.565527111,8.8955889
83,6,480000,2,5,4,ACO_Local,0.595882821,9.6416278
83,7,480000,2,5,4,ACO,0.565527111,8.3461093
83,7,480000,2,5,4,ACO_Local,0.590675983,10.5305289
83,8,480000,2,5,4,ACO,0.565157274,5.7286376
83,8,480000,2,5,4,ACO_Local,0.600369843,7.6504349
84,1,995328,2,6,4,ACO,0.531764826,12.3284822
84,1,995328,2,6,4,ACO_Local,0.56827001,12.1613967
84,2,995328,2,6,4,ACO,0.538046338,14.719006
84,2,995328,2,6,4,ACO_Local,0.572128521,10.4274803
84,3,995328,2,6,4,ACO,0.537215712,12.4141676
84,3,995328,2,6,4,ACO_Local,0.574283975,9.4665908
84,4,995328,2,6,4,ACO,0.534339189,18.1669328
84,4,995328,2,6,4,ACO_Local,0.575089848,10.2019351
84,5,995328,2,6,4,ACO,0.536606978,13.669347
84,5,995328,2,6,4,ACO_Local,0.581270213,12.1266672
84,6,995328,2,6,4,ACO,0.530608148,8.9787038
84,6,995328,2,6,4,ACO_Local,0.581787785,8.6340313
84,7,995328,2,6,4,ACO,0.53719187,11.9102811
84,7,995328,2,6,4,ACO_Local,0.574016162,8.5018125
84,8,995328,2,6,4,ACO,0.538100927,7.8667082
84,8,995328,2,6,4,ACO_Local,0.568439684,8.9419264
85,1,5832,3,1,4,ACO,0.435210514,5.7237023
85,1,5832,3,1,4,ACO_Local,0.467128765,12.6319295
85,2,5832,3,1,4,ACO,0.439986063,9.6757735
85,2,5832,3,1,4,ACO_Local,0.465461824,16.3021335
85,3,5832,3,1,4,ACO,0.439986064,8.2805876
85,3,5832,3,1,4,ACO_Local,0.470148756,10.6674843
85,4,5832,3,1,4,ACO,0.439986063,8.3684129
85,4,5832,3,1,4,ACO_Local,0.465505641,12.5387519
85,5,5832,3,1,4,ACO,0.432259227,6.568162
85,5,5832,3,1,4,ACO_Local,0.465878518,14.7583359
85,6,5832,3,1,4,ACO,0.439986064,11.0696264
85,6,5832,3,1,4,ACO_Local,0.475272975,13.0228514
85,7,5832,3,1,4,ACO,0.439986063,7.8957544
85,7,5832,3,1,4,ACO_Local,0.465757273,11.859869
85,8,5832,3,1,4,ACO,0.439986063,6.9980174
85,8,5832,3,1,4,ACO_Local,0.47547696,12.751064
86,1,93312,3,2,4,ACO,0.556842057,13.9442048
86,1,93312,3,2,4,ACO_Local,0.575090029,13.5694351
86,2,93312,3,2,4,ACO,0.556713473,19.2946867
86,2,93312,3,2,4,ACO_Local,0.57433033,13.2180654
86,3,93312,3,2,4,ACO,0.555897522,12.6358654
86,3,93312,3,2,4,ACO_Local,0.574275601,13.2514303
86,4,93312,3,2,4,ACO,0.555873702,16.9742761
86,4,93312,3,2,4,ACO_Local,0.574433669,12.0648639
86,5,93312,3,2,4,ACO,0.558071681,18.9200123
86,5,93312,3,2,4,ACO_Local,0.571641115,18.8945386
86,6,93312,3,2,4,ACO,0.555991185,17.2172585
86,6,93312,3,2,4,ACO_Local,0.579493796,13.155985
86,7,93312,3,2,4,ACO,0.556824532,19.9780598
86,7,93312,3,2,4,ACO_Local,0.574761736,12.6718235
86,8,93312,3,2,4,ACO,0.556877531,17.8575213
86,8,93312,3,2,4,ACO_Local,0.571986934,12.9427
87,1,472392,3,3,4,ACO,0.586554119,20.2308042
87,1,472392,3,3,4,ACO_Local,0.645971567,11.8521212
87,2,472392,3,3,4,ACO,0.584889253,11.8014867
87,2,472392,3,3,4,ACO_Local,0.646528116,12.7911709
87,3,472392,3,3,4,ACO,0.578057635,17.4986369
87,3,472392,3,3,4,ACO_Local,0.642375858,10.1837115
87,4,472392,3,3,4,ACO,0.571021127,16.372901
87,4,472392,3,3,4,ACO_Local,0.643940282,9.7064101
87,5,472392,3,3,4,ACO,0.583040661,28.7129849
87,5,472392,3,3,4,ACO_Local,0.648444129,12.5509083
87,6,472392,3,3,4,ACO,0.57336456,24.7719206
87,6,472392,3,3,4,ACO_Local,0.649663284,10.0004755
87,7,472392,3,3,4,ACO,0.586793361,16.156892
87,7,472392,3,3,4,ACO_Local,0.644552152,10.3692083
87,8,472392,3,3,4,ACO,0.578159983,18.3363755
87,8,472392,3,3,4,ACO_Local,0.651789089,14.1221548
88,1,1492992,3,4,4,ACO,0.572070509,16.9129572
88,1,1492992,3,4,4,ACO_Local,0.594413169,11.3247913
88,2,1492992,3,4,4,ACO,0.57026618,18.3151178
88,2,1492992,3,4,4,ACO_Local,0.596611419,11.4355267
88,3,1492992,3,4,4,ACO,0.571072418,15.5870596
88,3,1492992,3,4,4,ACO_Local,0.588919274,11.0793859
88,4,1492992,3,4,4,ACO,0.57365206,25.6464224
88,4,1492992,3,4,4,ACO_Local,0.592332539,10.1967534
88,5,1492992,3,4,4,ACO,0.571884776,18.8890512
88,5,1492992,3,4,4,ACO_Local,0.585899027,9.6971689
88,6,1492992,3,4,4,ACO,0.572720826,14.8293009
88,6,1492992,3,4,4,ACO_Local,0.593747036,14.5490797
88,7,1492992,3,4,4,ACO,0.570155544,15.273169
88,7,1492992,3,4,4,ACO_Local,0.587509382,11.8829407
88,8,1492992,3,4,4,ACO,0.573011638,14.9931723
88,8,1492992,3,4,4,ACO_Local,0.590865982,20.8195953
89,1,3645000,3,5,4,ACO,0.561335303,19.4315108
89,1,3645000,3,5,4,ACO_Local,0.618151105,11.5199724
89,2,3645000,3,5,4,ACO,0.564983541,21.7760156
89,2,3645000,3,5,4,ACO_Local,0.617653539,13.8208385
89,3,3645000,3,5,4,ACO,0.564944189,29.1195424
89,3,3645000,3,5,4,ACO_Local,0.621999766,11.4872323
89,4,3645000,3,5,4,ACO,0.564380897,24.7829334
89,4,3645000,3,5,4,ACO_Local,0.62262023,11.6988863
89,5,3645000,3,5,4,ACO,0.564974771,18.4239023
89,5,3645000,3,5,4,ACO_Local,0.623062325,13.0236203
89,6,3645000,3,5,4,ACO,0.565081088,23.893877
89,6,3645000,3,5,4,ACO_Local,0.619787133,10.9539391
89,7,3645000,3,5,4,ACO,0.564780356,22.8653333
89,7,3645000,3,5,4,ACO_Local,0.622042984,16.0569086
89,8,3645000,3,5,4,ACO,0.564687844,19.4547997
89,8,3645000,3,5,4,ACO_Local,0.620394703,11.2415481
90,1,7558272,3,6,4,ACO,0.6154368,14.5317045
90,1,7558272,3,6,4,ACO_Local,0.663215983,20.9315088
90,2,7558272,3,6,4,ACO,0.615902408,18.6945304
90,2,7558272,3,6,4,ACO_Local,0.665628951,16.7519133
90,3,7558272,3,6,4,ACO,0.615617889,16.4430988
90,3,7558272,3,6,4,ACO_Local,0.666648101,9.9701383
90,4,7558272,3,6,4,ACO,0.613414043,10.1553606
90,4,7558272,3,6,4,ACO_Local,0.652175754,10.6319346
90,5,7558272,3,6,4,ACO,0.613137569,8.2273913
90,5,7558272,3,6,4,ACO_Local,0.665146073,13.513622
90,6,7558272,3,6,4,ACO,0.614968903,17.7603018
90,6,7558272,3,6,4,ACO_Local,0.663787312,10.8279752
90,7,7558272,3,6,4,ACO,0.615758979,18.279634
90,7,7558272,3,6,4,ACO_Local,0.664518533,12.9772759
90,8,7558272,3,6,4,ACO,0.614830877,11.4132658
90,8,7558272,3,6,4,ACO_Local,0.664218391,12.1990071
91,1,24576,4,1,4,ACO,0.505154666,8.5971329
91,1,24576,4,1,4,ACO_Local,0.543882395,12.5374421
91,2,24576,4,1,4,ACO,0.505154666,14.4028973
91,2,24576,4,1,4,ACO_Local,0.532995417,16.2680208
91,3,24576,4,1,4,ACO,0.505016123,8.4248619
91,3,24576,4,1,4,ACO_Local,0.537395856,14.8327887
91,4,24576,4,1,4,ACO,0.508725091,10.8992759
91,4,24576,4,1,4,ACO_Local,0.535829456,13.1229297
91,5,24576,4,1,4,ACO,0.505036257,11.8855078
91,5,24576,4,1,4,ACO_Local,0.532515639,18.6047538
91,6,24576,4,1,4,ACO,0.508089711,8.6150935
91,6,24576,4,1,4,ACO_Local,0.525382533,13.3738636
91,7,24576,4,1,4,ACO,0.500281963,7.2362608
91,7,24576,4,1,4,ACO_Local,0.542410964,18.4161566
91,8,24576,4,1,4,ACO,0.502802707,9.840422
91,8,24576,4,1,4,ACO_Local,0.539633695,14.7301382
92,1,393216,4,2,4,ACO,0.543762469,37.028323
92,1,393216,4,2,4,ACO_Local,0.555274668,24.7670079
92,2,393216,4,2,4,ACO,0.541748661,32.5559471
92,2,393216,4,2,4,ACO_Local,0.556623896,30.2824286
92,3,393216,4,2,4,ACO,0.53339988,16.3316852
92,3,393216,4,2,4,ACO_Local,0.563238423,26.3763704
92,4,393216,4,2,4,ACO,0.543400489,28.8706364
92,4,393216,4,2,4,ACO_Local,0.559529487,27.0195253
92,5,393216,4,2,4,ACO,0.54356106,35.8879269
92,5,393216,4,2,4,ACO_Local,0.55924954,22.5029111
92,6,393216,4,2,4,ACO,0.540986687,29.2227908
92,6,393216,4,2,4,ACO_Local,0.568312833,19.3053742
92,7,393216,4,2,4,ACO,0.5410723,33.501821
92,7,393216,4,2,4,ACO_Local,0.561628841,25.3135107
92,8,393216,4,2,4,ACO,0.540614354,21.5136678
92,8,393216,4,2,4,ACO_Local,0.559599887,23.5162789
93,1,1990656,4,3,4,ACO,0.575120061,11.259814
93,1,1990656,4,3,4,ACO_Local,0.611468392,18.2437474
93,2,1990656,4,3,4,ACO,0.577929252,16.0208039
93,2,1990656,4,3,4,ACO_Local,0.612951372,15.3266139
93,3,1990656,4,3,4,ACO,0.579516764,23.7850716
93,3,1990656,4,3,4,ACO_Local,0.612343484,16.3929147
93,4,1990656,4,3,4,ACO,0.580485856,21.2259395
93,4,1990656,4,3,4,ACO_Local,0.611982445,14.6470579
93,5,1990656,4,3,4,ACO,0.579419452,18.0165815
93,5,1990656,4,3,4,ACO_Local,0.610573426,23.0355483
93,6,1990656,4,3,4,ACO,0.579629155,17.4721822
93,6,1990656,4,3,4,ACO_Local,0.612695032,20.0257529
93,7,1990656,4,3,4,ACO,0.579720236,30.9243823
93,7,1990656,4,3,4,ACO_Local,0.610176877,19.1269533
93,8,1990656,4,3,4,ACO,0.577943206,15.3676894
93,8,1990656,4,3,4,ACO_Local,0.61550513,17.6330597
94,1,6291456,4,4,4,ACO,0.549799709,25.1807073
94,1,6291456,4,4,4,ACO_Local,0.577015796,11.0288511
94,2,6291456,4,4,4,ACO,0.553770402,40.6459332
94,2,6291456,4,4,4,ACO_Local,0.573214249,12.1685873
94,3,6291456,4,4,4,ACO,0.555035865,22.3904553
94,3,6291456,4,4,4,ACO_Local,0.574383999,18.5102647
94,4,6291456,4,4,4,ACO,0.55328118,22.1437204
94,4,6291456,4,4,4,ACO_Local,0.571080108,21.7821799
94,5,6291456,4,4,4,ACO,0.555024572,24.3502898
94,5,6291456,4,4,4,ACO_Local,0.578524676,15.9403848
94,6,6291456,4,4,4,ACO,0.554896651,23.2413834
94,6,6291456,4,4,4,ACO_Local,0.571302736,16.8927425
94,7,6291456,4,4,4,ACO,0.553160003,20.4431266
94,7,6291456,4,4,4,ACO_Local,0.580147209,15.8951065
94,8,6291456,4,4,4,ACO,0.548391413,21.2954394
94,8,6291456,4,4,4,ACO_Local,0.571611096,15.5319927
95,1,15360000,4,5,4,ACO,0.625934065,48.8406495
95,1,15360000,4,5,4,ACO_Local,0.647039031,14.9423237
95,2,15360000,4,5,4,ACO,0.629272914,37.7726377
95,2,15360000,4,5,4,ACO_Local,0.648440359,21.3421998
95,3,15360000,4,5,4,ACO,0.62504272,31.3896488
95,3,15360000,4,5,4,ACO_Local,0.64853357,18.9009044
95,4,15360000,4,5,4,ACO,0.627718488,60.9259534
95,4,15360000,4,5,4,ACO_Local,0.643370331,19.0059539
95,5,15360000,4,5,4,ACO,0.627437279,27.6676532
95,5,15360000,4,5,4,ACO_Local,0.640518118,24.5842008
95,6,15360000,4,5,4,ACO,0.627127609,31.4769528
95,6,15360000,4,5,4,ACO_Local,0.640163283,18.9641189
95,7,15360000,4,5,4,ACO,0.624615654,38.011588
95,7,15360000,4,5,4,ACO_Local,0.640313182,18.1568
95,8,15360000,4,5,4,ACO,0.627197884,36.8593234
95,8,15360000,4,5,4,ACO_Local,0.646915955,18.3925358
96,1,31850496,4,6,4,ACO,0.579530683,42.0523612
96,1,31850496,4,6,4,ACO_Local,0.604718655,36.1839039
96,2,31850496,4,6,4,ACO,0.581667881,29.8786883
96,2,31850496,4,6,4,ACO_Local,0.606866019,25.3243059
96,3,31850496,4,6,4,ACO,0.585232432,31.8329384
96,3,31850496,4,6,4,ACO_Local,0.605280255,20.7875664
96,4,31850496,4,6,4,ACO,0.579326549,34.3125135
96,4,31850496,4,6,4,ACO_Local,0.605823823,37.8716444
96,5,31850496,4,6,4,ACO,0.575323905,26.9118308
96,5,31850496,4,6,4,ACO_Local,0.604546436,25.3940077
96,6,31850496,4,6,4,ACO,0.578651183,24.4536814
96,6,31850496,4,6,4,ACO_Local,0.605321141,25.9349218
96,7,31850496,4,6,4,ACO,0.581640358,31.8146309
96,7,31850496,4,6,4,ACO_Local,0.607596728,22.5729776
96,8,31850496,4,6,4,ACO,0.57420128,25.2525943
96,8,31850496,4,6,4,ACO_Local,0.604732472,39.5406784
97,1,75000,5,1,4,ACO,0.552693844,17.6468616
97,1,75000,5,1,4,ACO_Local,0.567858983,30.2850816
97,2,75000,5,1,4,ACO,0.552648008,17.9730736
97,2,75000,5,1,4,ACO_Local,0.567529712,30.040555
97,3,75000,5,1,4,ACO,0.552849334,22.4736742
97,3,75000,5,1,4,ACO_Local,0.567734513,30.2171054
97,4,75000,5,1,4,ACO,0.555151269,21.1222177
97,4,75000,5,1,4,ACO_Local,0.567757444,24.3939795
97,5,75000,5,1,4,ACO,0.557232049,11.3916784
97,5,75000,5,1,4,ACO_Local,0.567765696,22.3588707
97,6,75000,5,1,4,ACO,0.555000816,28.8285953
97,6,75000,5,1,4,ACO_Local,0.568212137,20.9814766
97,7,75000,5,1,4,ACO,0.558681805,24.3494585
97,7,75000,5,1,4,ACO_Local,0.565706526,24.6572771
97,8,75000,5,1,4,ACO,0.550000737,19.7938355
97,8,75000,5,1,4,ACO_Local,0.56773056,24.5007421
98,1,1200000,5,2,4,ACO,0.516131834,27.208832
98,1,1200000,5,2,4,ACO_Local,0.532519469,17.8518175
98,2,1200000,5,2,4,ACO,0.516013369,16.0793782
98,2,1200000,5,2,4,ACO_Local,0.534573902,23.5401357
98,3,1200000,5,2,4,ACO,0.514185024,18.0053946
98,3,1200000,5,2,4,ACO_Local,0.536997048,33.5938936
98,4,1200000,5,2,4,ACO,0.514193505,14.2697274
98,4,1200000,5,2,4,ACO_Local,0.532346003,23.2140448
98,5,1200000,5,2,4,ACO,0.516126749,18.3083821
98,5,1200000,5,2,4,ACO_Local,0.535288914,20.4043885
98,6,1200000,5,2,4,ACO,0.516190531,18.0847604
98,6,1200000,5,2,4,ACO_Local,0.529120426,22.002641
98,7,1200000,5,2,4,ACO,0.515993237,19.8318248
98,7,1200000,5,2,4,ACO_Local,0.531202276,17.3856154
98,8,1200000,5,2,4,ACO,0.516196886,22.0206136
98,8,1200000,5,2,4,ACO_Local,0.537455927,22.8100809
99,1,6075000,5,3,4,ACO,0.592115257,33.6724371
99,1,6075000,5,3,4,ACO_Local,0.620915873,24.635153
99,2,6075000,5,3,4,ACO,0.595481359,30.2658377
99,2,6075000,5,3,4,ACO_Local,0.624640326,27.803394
99,3,6075000,5,3,4,ACO,0.595788513,51.2283889
99,3,6075000,5,3,4,ACO_Local,0.619572715,20.6476198
99,4,6075000,5,3,4,ACO,0.588093372,38.2146089
99,4,6075000,5,3,4,ACO_Local,0.626090725,25.0413577
99,5,6075000,5,3,4,ACO,0.597592021,53.3220951
99,5,6075000,5,3,4,ACO_Local,0.626766788,26.8291872
99,6,6075000,5,3,4,ACO,0.590546371,40.4782054
99,6,6075000,5,3,4,ACO_Local,0.627043053,30.1126836
99,7,6075000,5,3,4,ACO,0.583411744,23.6568327
99,7,6075000,5,3,4,ACO_Local,0.619939185,24.990873
99,8,6075000,5,3,4,ACO,0.594694444,32.3193719
99,8,6075000,5,3,4,ACO_Local,0.628894186,29.1944652
100,1,19200000,5,4,4,ACO,0.62725424,22.4626857
100,1,19200000,5,4,4,ACO_Local,0.652905906,36.6982025
100,2,19200000,5,4,4,ACO,0.63098713,36.5334574
100,2,19200000,5,4,4,ACO_Local,0.65291692,19.7415487
100,3,19200000,5,4,4,ACO,0.633302916,34.2229533
100,3,19200000,5,4,4,ACO_Local,0.654233158,31.6404338
100,4,19200000,5,4,4,ACO,0.628785373,26.8962859
100,4,19200000,5,4,4,ACO_Local,0.65341115,34.507763
100,5,19200000,5,4,4,ACO,0.632888604,26.7527639
100,5,19200000,5,4,4,ACO_Local,0.655634121,26.1007441
100,6,19200000,5,4,4,ACO,0.62442168,31.3072562
100,6,19200000,5,4,4,ACO_Local,0.651460543,16.7419943
100,7,19200000,5,4,4,ACO,0.628306019,35.2945512
100,7,19200000,5,4,4,ACO_Local,0.653467854,20.6166523
100,8,19200000,5,4,4,ACO,0.631746037,26.9508203
100,8,19200000,5,4,4,ACO_Local,0.65273651,29.9447479
101,1,46875000,5,5,4,ACO,0.594049566,62.3874713
101,1,46875000,5,5,4,ACO_Local,0.606067567,19.4630004
101,2,46875000,5,5,4,ACO,0.585453946,39.7428085
101,2,46875000,5,5,4,ACO_Local,0.601746225,17.3645518
101,3,46875000,5,5,4,ACO,0.594090643,42.329627
101,3,46875000,5,5,4,ACO_Local,0.602020358,23.5343486
101,4,46875000,5,5,4,ACO,0.596098742,49.0009604
101,4,46875000,5,5,4,ACO_Local,0.601133118,24.1698903
101,5,46875000,5,5,4,ACO,0.589036394,40.5122626
101,5,46875000,5,5,4,ACO_Local,0.605562827,25.123859
101,6,46875000,5,5,4,ACO,0.5986092,67.4444946
101,6,46875000,5,5,4,ACO_Local,0.607002414,23.5107038
101,7,46875000,5,5,4,ACO,0.583729912,49.9321246
101,7,46875000,5,5,4,ACO_Local,0.601745719,33.8357736
101,8,46875000,5,5,4,ACO,0.595879644,70.3420506
101,8,46875000,5,5,4,ACO_Local,0.602224016,23.723267
102,1,97200000,5,6,4,ACO,0.606699435,32.2308051
102,1,97200000,5,6,4,ACO_Local,0.646388589,23.5274966
102,2,97200000,5,6,4,ACO,0.612395997,57.9593191
102,2,97200000,5,6,4,ACO_Local,0.646137714,17.88694
102,3,97200000,5,6,4,ACO,0.607090515,56.6726727
102,3,97200000,5,6,4,ACO_Local,0.648301287,18.3142501
102,4,97200000,5,6,4,ACO,0.605375966,50.8568709
102,4,97200000,5,6,4,ACO_Local,0.634747295,20.586954
102,5,97200000,5,6,4,ACO,0.612370123,42.6828243
102,5,97200000,5,6,4,ACO_Local,0.638841564,20.398349
102,6,97200000,5,6,4,ACO,0.605551653,38.0208501
102,6,97200000,5,6,4,ACO_Local,0.653860552,16.3778893
102,7,97200000,5,6,4,ACO,0.607305415,63.3175784
102,7,97200000,5,6,4,ACO_Local,0.632630523,20.4259498
102,8,97200000,5,6,4,ACO,0.610955587,59.4905593
102,8,97200000,5,6,4,ACO_Local,0.645588819,22.9704782
103,1,186624,6,1,4,ACO,0.472474688,26.9537787
103,1,186624,6,1,4,ACO_Local,0.505377977,39.9032905
103,2,186624,6,1,4,ACO,0.476503679,25.0520092
103,2,186624,6,1,4,ACO_Local,0.512237891,28.7212507
103,3,186624,6,1,4,ACO,0.471779349,34.1659783
103,3,186624,6,1,4,ACO_Local,0.503441943,24.7879962
103,4,186624,6,1,4,ACO,0.475496553,37.5581917
103,4,186624,6,1,4,ACO_Local,0.510693308,32.0178528
103,5,186624,6,1,4,ACO,0.474009933,30.2447639
103,5,186624,6,1,4,ACO_Local,0.506450605,37.846606
103,6,186624,6,1,4,ACO,0.473222433,36.4154561
103,6,186624,6,1,4,ACO_Local,0.510192326,37.3334372
103,7,186624,6,1,4,ACO,0.478746745,33.7760725
103,7,186624,6,1,4,ACO_Local,0.511600481,26.9558754
103,8,186624,6,1,4,ACO,0.476720536,41.6423715
103,8,186624,6,1,4,ACO_Local,0.507261848,28.7656455
104,1,2985984,6,2,4,ACO,0.580093712,29.6582705
104,1,2985984,6,2,4,ACO_Local,0.611292912,24.4625976
104,2,2985984,6,2,4,ACO,0.579230092,52.2500319
104,2,2985984,6,2,4,ACO_Local,0.61144514,25.4382409
104,3,2985984,6,2,4,ACO,0.579277928,54.8444464
104,3,2985984,6,2,4,ACO_Local,0.605097233,21.3398367
104,4,2985984,6,2,4,ACO,0.58113262,37.9989976
104,4,2985984,6,2,4,ACO_Local,0.607918998,23.2404255
104,5,2985984,6,2,4,ACO,0.57817347,36.077474
104,5,2985984,6,2,4,ACO_Local,0.610752825,21.8894604
104,6,2985984,6,2,4,ACO,0.57944416,39.2336275
104,6,2985984,6,2,4,ACO_Local,0.61628292,27.6447872
104,7,2985984,6,2,4,ACO,0.580998425,41.9306005
104,7,2985984,6,2,4,ACO_Local,0.609882517,24.9570313
104,8,2985984,6,2,4,ACO,0.58117721,31.6527048
104,8,2985984,6,2,4,ACO_Local,0.615249211,27.013021
105,1,15116544,6,3,4,ACO,0.621609576,37.0127148
105,1,15116544,6,3,4,ACO_Local,0.649031532,23.9495618
105,2,15116544,6,3,4,ACO,0.620422634,29.0388235
105,2,15116544,6,3,4,ACO_Local,0.65191724,26.5346094
105,3,15116544,6,3,4,ACO,0.622579059,42.7074184
105,3,15116544,6,3,4,ACO_Local,0.650711763,25.2332417
105,4,15116544,6,3,4,ACO,0.621743593,37.032471
105,4,15116544,6,3,4,ACO_Local,0.651174649,25.3313961
105,5,15116544,6,3,4,ACO,0.62074391,34.9072808
105,5,15116544,6,3,4,ACO_Local,0.645835481,24.4526051
105,6,15116544,6,3,4,ACO,0.622156594,25.6526436
105,6,15116544,6,3,4,ACO_Local,0.648438358,24.7152604
105,7,15116544,6,3,4,ACO,0.631760042,25.519493
105,7,15116544,6,3,4,ACO_Local,0.648763071,27.1799051
105,8,15116544,6,3,4,ACO,0.623322683,41.7941306
105,8,15116544,6,3,4,ACO_Local,0.647339181,34.1377237
106,1,47775744,6,4,4,ACO,0.652144604,42.4390144
106,1,47775744,6,4,4,ACO_Local,0.664742781,20.0149868
106,2,47775744,6,4,4,ACO,0.649325015,37.8397771
106,2,47775744,6,4,4,ACO_Local,0.668977318,28.7148601
106,3,47775744,6,4,4,ACO,0.650708154,43.4902976
106,3,47775744,6,4,4,ACO_Local,0.664544868,22.8320048
106,4,47775744,6,4,4,ACO,0.653527137,43.8202274
106,4,47775744,6,4,4,ACO_Local,0.665903947,23.8763004
106,5,47775744,6,4,4,ACO,0.651230972,39.9920032
106,5,47775744,6,4,4,ACO_Local,0.664076085,23.7380699
106,6,47775744,6,4,4,ACO,0.651863865,31.7748871
106,6,47775744,6,4,4,ACO_Local,0.665032336,29.0555274
106,7,47775744,6,4,4,ACO,0.647107863,38.4820712
106,7,47775744,6,4,4,ACO_Local,0.668083316,22.1681815
106,8,47775744,6,4,4,ACO,0.646477684,51.4234285
106,8,47775744,6,4,4,ACO_Local,0.665104802,26.7413657
107,1,116640000,6,5,4,ACO,0.598669073,45.6969726
107,1,116640000,6,5,4,ACO_Local,0.619744132,43.1220073
107,2,116640000,6,5,4,ACO,0.602226842,70.6424117
107,2,116640000,6,5,4,ACO_Local,0.625107536,36.8259581
107,3,116640000,6,5,4,ACO,0.601746026,44.1351515
107,3,116640000,6,5,4,ACO_Local,0.624281113,34.6958389
107,4,116640000,6,5,4,ACO,0.601350906,49.6271062
107,4,116640000,6,5,4,ACO_Local,0.624393535,47.7321339
107,5,116640000,6,5,4,ACO,0.602064898,62.4052078
107,5,116640000,6,5,4,ACO_Local,0.623222927,30.4355921
107,6,116640000,6,5,4,ACO,0.602001014,67.0583177
107,6,116640000,6,5,4,ACO_Local,0.620432646,42.4997504
107,7,116640000,6,5,4,ACO,0.599373847,57.5569734
107,7,116640000,6,5,4,ACO_Local,0.620298517,33.2144737
107,8,116640000,6,5,4,ACO,0.601269515,36.0136492
107,8,116640000,6,5,4,ACO_Local,0.623564637,33.0618516
108,1,241864704,6,6,4,ACO,0.618781564,67.8451922
108,1,241864704,6,6,4,ACO_Local,0.646086075,26.3477792
108,2,241864704,6,6,4,ACO,0.618174318,48.8273
108,2,241864704,6,6,4,ACO_Local,0.64396831,27.4901282
108,3,241864704,6,6,4,ACO,0.617985145,44.1574945
108,3,241864704,6,6,4,ACO_Local,0.644766757,29.9936269
108,4,241864704,6,6,4,ACO,0.616732341,40.0135996
108,4,241864704,6,6,4,ACO_Local,0.642017979,29.1944947
108,5,241864704,6,6,4,ACO,0.618521407,53.5122921
108,5,241864704,6,6,4,ACO_Local,0.645918878,25.5164795
108,6,241864704,6,6,4,ACO,0.621332285,59.8519646
108,6,241864704,6,6,4,ACO_Local,0.645887054,31.3314449
108,7,241864704,6,6,4,ACO,0.614926174,45.5375776
108,7,241864704,6,6,4,ACO_Local,0.643891149,29.021994
108,8,241864704,6,6,4,ACO,0.620277614,70.493941
108,8,241864704,6,6,4,ACO_Local,0.64597445,36.2767252
